,0,0
0,0.jpg,slope streak
1,1.jpg,crater
2,2.jpg,crater
3,3.jpg,other
4,4.jpg,other
5,5.jpg,other
6,6.jpg,other
7,7.jpg,other
8,8.jpg,other
9,9.jpg,slope streak
10,10.jpg,slope streak
11,11.jpg,slope streak
12,12.jpg,crater
13,13.jpg,other
14,14.jpg,crater
15,15.jpg,other
16,16.jpg,other
17,17.jpg,other
18,18.jpg,crater
19,19.jpg,other
20,20.jpg,other
21,21.jpg,other
22,22.jpg,crater
23,23.jpg,other
24,24.jpg,other
25,25.jpg,crater
26,26.jpg,other
27,27.jpg,other
28,28.jpg,crater
29,29.jpg,bright dune
30,30.jpg,crater
31,31.jpg,crater
32,32.jpg,crater
33,33.jpg,other
34,34.jpg,bright dune
35,35.jpg,crater
36,36.jpg,bright dune
37,37.jpg,other
38,38.jpg,other
39,39.jpg,slope streak
40,40.jpg,other
41,41.jpg,other
42,42.jpg,other
43,43.jpg,other
44,44.jpg,other
45,45.jpg,swiss cheese
46,46.jpg,other
47,47.jpg,slope streak
48,48.jpg,crater
49,49.jpg,other
50,50.jpg,other
51,51.jpg,bright dune
52,52.jpg,other
53,53.jpg,crater
54,54.jpg,swiss cheese
55,55.jpg,other
56,56.jpg,crater
57,57.jpg,crater
58,58.jpg,bright dune
59,59.jpg,dark dune
60,60.jpg,crater
61,61.jpg,slope streak
62,62.jpg,bright dune
63,63.jpg,bright dune
64,64.jpg,other
65,65.jpg,other
66,66.jpg,other
67,67.jpg,bright dune
68,68.jpg,other
69,69.jpg,other
70,70.jpg,bright dune
71,71.jpg,other
72,72.jpg,crater
73,73.jpg,crater
74,74.jpg,bright dune
75,75.jpg,slope streak
76,76.jpg,bright dune
77,77.jpg,other
78,78.jpg,slope streak
79,79.jpg,bright dune
80,80.jpg,other
81,81.jpg,other
82,82.jpg,crater
83,83.jpg,dark dune
84,84.jpg,other
85,85.jpg,other
86,86.jpg,crater
87,87.jpg,swiss cheese
88,88.jpg,bright dune
89,89.jpg,swiss cheese
90,90.jpg,other
91,91.jpg,other
92,92.jpg,slope streak
93,93.jpg,other
94,94.jpg,crater
95,95.jpg,other
96,96.jpg,other
97,97.jpg,other
98,98.jpg,other
99,99.jpg,bright dune
100,100.jpg,other
101,101.jpg,other
102,102.jpg,other
103,103.jpg,other
104,104.jpg,other
105,105.jpg,other
106,106.jpg,other
107,107.jpg,other
108,108.jpg,other
109,109.jpg,crater
110,110.jpg,other
111,111.jpg,other
112,112.jpg,crater
113,113.jpg,crater
114,114.jpg,crater
115,115.jpg,other
116,116.jpg,other
117,117.jpg,dark dune
118,118.jpg,other
119,119.jpg,other
120,120.jpg,other
121,121.jpg,other
122,122.jpg,other
123,123.jpg,other
124,124.jpg,bright dune
125,125.jpg,other
126,126.jpg,other
127,127.jpg,crater
128,128.jpg,bright dune
129,129.jpg,other
130,130.jpg,spider
131,131.jpg,other
132,132.jpg,other
133,133.jpg,crater
134,134.jpg,slope streak
135,135.jpg,other
136,136.jpg,other
137,137.jpg,other
138,138.jpg,other
139,139.jpg,other
140,140.jpg,other
141,141.jpg,swiss cheese
142,142.jpg,other
143,143.jpg,other
144,144.jpg,crater
145,145.jpg,other
146,146.jpg,dark dune
147,147.jpg,other
148,148.jpg,bright dune
149,149.jpg,crater
150,150.jpg,crater
151,151.jpg,other
152,152.jpg,crater
153,153.jpg,bright dune
154,154.jpg,other
155,155.jpg,other
156,156.jpg,crater
157,157.jpg,other
158,158.jpg,swiss cheese
159,159.jpg,bright dune
160,160.jpg,other
161,161.jpg,crater
162,162.jpg,other
163,163.jpg,crater
164,164.jpg,bright dune
165,165.jpg,bright dune
166,166.jpg,other
167,167.jpg,other
168,168.jpg,bright dune
169,169.jpg,crater
170,170.jpg,other
171,171.jpg,other
172,172.jpg,other
173,173.jpg,crater
174,174.jpg,other
175,175.jpg,other
176,176.jpg,other
177,177.jpg,other
178,178.jpg,other
179,179.jpg,crater
180,180.jpg,other
181,181.jpg,other
182,182.jpg,other
183,183.jpg,other
184,184.jpg,other
185,185.jpg,other
186,186.jpg,other
187,187.jpg,swiss cheese
188,188.jpg,other
189,189.jpg,other
190,190.jpg,other
191,191.jpg,other
192,192.jpg,swiss cheese
193,193.jpg,other
194,194.jpg,other
195,195.jpg,other
196,196.jpg,dark dune
197,197.jpg,other
198,198.jpg,other
199,199.jpg,bright dune
200,200.jpg,crater
201,201.jpg,crater
202,202.jpg,other
203,203.jpg,other
204,204.jpg,other
205,205.jpg,other
206,206.jpg,other
207,207.jpg,bright dune
208,208.jpg,other
209,209.jpg,dark dune
210,210.jpg,swiss cheese
211,211.jpg,crater
212,212.jpg,other
213,213.jpg,spider
214,214.jpg,other
215,215.jpg,slope streak
216,216.jpg,impact ejecta
217,217.jpg,other
218,218.jpg,slope streak
219,219.jpg,other
220,220.jpg,other
221,221.jpg,dark dune
222,222.jpg,other
223,223.jpg,crater
224,224.jpg,other
225,225.jpg,crater
226,226.jpg,other
227,227.jpg,other
228,228.jpg,bright dune
229,229.jpg,other
230,230.jpg,crater
231,231.jpg,crater
232,232.jpg,other
233,233.jpg,other
234,234.jpg,other
235,235.jpg,other
236,236.jpg,other
237,237.jpg,other
238,238.jpg,bright dune
239,239.jpg,other
240,240.jpg,other
241,241.jpg,other
242,242.jpg,other
243,243.jpg,swiss cheese
244,244.jpg,other
245,245.jpg,spider
246,246.jpg,other
247,247.jpg,other
248,248.jpg,crater
249,249.jpg,other
250,250.jpg,other
251,251.jpg,other
252,252.jpg,other
253,253.jpg,other
254,254.jpg,crater
255,255.jpg,slope streak
256,256.jpg,other
257,257.jpg,other
258,258.jpg,other
259,259.jpg,other
260,260.jpg,other
261,261.jpg,other
262,262.jpg,crater
263,263.jpg,other
264,264.jpg,crater
265,265.jpg,other
266,266.jpg,other
267,267.jpg,other
268,268.jpg,slope streak
269,269.jpg,other
270,270.jpg,dark dune
271,271.jpg,other
272,272.jpg,other
273,273.jpg,crater
274,274.jpg,crater
275,275.jpg,crater
276,276.jpg,other
277,277.jpg,other
278,278.jpg,crater
279,279.jpg,other
280,280.jpg,other
281,281.jpg,other
282,282.jpg,swiss cheese
283,283.jpg,other
284,284.jpg,other
285,285.jpg,other
286,286.jpg,other
287,287.jpg,other
288,288.jpg,bright dune
289,289.jpg,other
290,290.jpg,other
291,291.jpg,crater
292,292.jpg,other
293,293.jpg,other
294,294.jpg,other
295,295.jpg,other
296,296.jpg,other
297,297.jpg,crater
298,298.jpg,other
299,299.jpg,bright dune
300,300.jpg,other
301,301.jpg,other
302,302.jpg,crater
303,303.jpg,dark dune
304,304.jpg,other
305,305.jpg,dark dune
306,306.jpg,crater
307,307.jpg,other
308,308.jpg,other
309,309.jpg,other
310,310.jpg,other
311,311.jpg,crater
312,312.jpg,other
313,313.jpg,bright dune
314,314.jpg,other
315,315.jpg,other
316,316.jpg,crater
317,317.jpg,crater
318,318.jpg,other
319,319.jpg,bright dune
320,320.jpg,other
321,321.jpg,crater
322,322.jpg,crater
323,323.jpg,other
324,324.jpg,other
325,325.jpg,bright dune
326,326.jpg,other
327,327.jpg,crater
328,328.jpg,dark dune
329,329.jpg,other
330,330.jpg,swiss cheese
331,331.jpg,other
332,332.jpg,crater
333,333.jpg,other
334,334.jpg,other
335,335.jpg,dark dune
336,336.jpg,bright dune
337,337.jpg,other
338,338.jpg,slope streak
339,339.jpg,swiss cheese
340,340.jpg,slope streak
341,341.jpg,other
342,342.jpg,other
343,343.jpg,other
344,344.jpg,other
345,345.jpg,other
346,346.jpg,other
347,347.jpg,other
348,348.jpg,other
349,349.jpg,crater
350,350.jpg,other
351,351.jpg,other
352,352.jpg,other
353,353.jpg,other
354,354.jpg,other
355,355.jpg,impact ejecta
356,356.jpg,crater
357,357.jpg,other
358,358.jpg,other
359,359.jpg,other
360,360.jpg,slope streak
361,361.jpg,other
362,362.jpg,other
363,363.jpg,other
364,364.jpg,other
365,365.jpg,other
366,366.jpg,other
367,367.jpg,other
368,368.jpg,crater
369,369.jpg,crater
370,370.jpg,other
371,371.jpg,other
372,372.jpg,other
373,373.jpg,other
374,374.jpg,crater
375,375.jpg,other
376,376.jpg,bright dune
377,377.jpg,bright dune
378,378.jpg,swiss cheese
379,379.jpg,other
380,380.jpg,bright dune
381,381.jpg,bright dune
382,382.jpg,other
383,383.jpg,other
384,384.jpg,bright dune
385,385.jpg,slope streak
386,386.jpg,slope streak
387,387.jpg,other
388,388.jpg,impact ejecta
389,389.jpg,other
390,390.jpg,bright dune
391,391.jpg,other
392,392.jpg,crater
393,393.jpg,other
394,394.jpg,other
395,395.jpg,other
396,396.jpg,impact ejecta
397,397.jpg,other
398,398.jpg,other
399,399.jpg,dark dune
400,400.jpg,other
401,401.jpg,other
402,402.jpg,other
403,403.jpg,other
404,404.jpg,other
405,405.jpg,bright dune
406,406.jpg,other
407,407.jpg,other
408,408.jpg,other
409,409.jpg,other
410,410.jpg,crater
411,411.jpg,crater
412,412.jpg,other
413,413.jpg,other
414,414.jpg,crater
415,415.jpg,other
416,416.jpg,other
417,417.jpg,swiss cheese
418,418.jpg,other
419,419.jpg,other
420,420.jpg,other
421,421.jpg,other
422,422.jpg,slope streak
423,423.jpg,other
424,424.jpg,other
425,425.jpg,other
426,426.jpg,other
427,427.jpg,other
428,428.jpg,other
429,429.jpg,other
430,430.jpg,other
431,431.jpg,slope streak
432,432.jpg,crater
433,433.jpg,other
434,434.jpg,other
435,435.jpg,other
436,436.jpg,swiss cheese
437,437.jpg,other
438,438.jpg,crater
439,439.jpg,other
440,440.jpg,bright dune
441,441.jpg,other
442,442.jpg,other
443,443.jpg,crater
444,444.jpg,other
445,445.jpg,crater
446,446.jpg,bright dune
447,447.jpg,other
448,448.jpg,other
449,449.jpg,slope streak
450,450.jpg,other
451,451.jpg,crater
452,452.jpg,crater
453,453.jpg,crater
454,454.jpg,other
455,455.jpg,other
456,456.jpg,crater
457,457.jpg,swiss cheese
458,458.jpg,crater
459,459.jpg,slope streak
460,460.jpg,other
461,461.jpg,other
462,462.jpg,crater
463,463.jpg,crater
464,464.jpg,other
465,465.jpg,other
466,466.jpg,slope streak
467,467.jpg,other
468,468.jpg,other
469,469.jpg,other
470,470.jpg,other
471,471.jpg,other
472,472.jpg,other
473,473.jpg,dark dune
474,474.jpg,other
475,475.jpg,bright dune
476,476.jpg,crater
477,477.jpg,crater
478,478.jpg,crater
479,479.jpg,other
480,480.jpg,other
481,481.jpg,other
482,482.jpg,other
483,483.jpg,other
484,484.jpg,bright dune
485,485.jpg,slope streak
486,486.jpg,crater
487,487.jpg,impact ejecta
488,488.jpg,other
489,489.jpg,other
490,490.jpg,other
491,491.jpg,other
492,492.jpg,crater
493,493.jpg,slope streak
494,494.jpg,crater
495,495.jpg,crater
496,496.jpg,other
497,497.jpg,other
498,498.jpg,crater
499,499.jpg,other
500,500.jpg,other
501,501.jpg,crater
502,502.jpg,crater
503,503.jpg,other
504,504.jpg,other
505,505.jpg,other
506,506.jpg,other
507,507.jpg,other
508,508.jpg,other
509,509.jpg,crater
510,510.jpg,slope streak
511,511.jpg,other
512,512.jpg,other
513,513.jpg,crater
514,514.jpg,other
515,515.jpg,other
516,516.jpg,crater
517,517.jpg,other
518,518.jpg,slope streak
519,519.jpg,other
520,520.jpg,other
521,521.jpg,bright dune
522,522.jpg,other
523,523.jpg,other
524,524.jpg,slope streak
525,525.jpg,bright dune
526,526.jpg,other
527,527.jpg,spider
528,528.jpg,crater
529,529.jpg,other
530,530.jpg,crater
531,531.jpg,other
532,532.jpg,crater
533,533.jpg,other
534,534.jpg,impact ejecta
535,535.jpg,crater
536,536.jpg,bright dune
537,537.jpg,bright dune
538,538.jpg,other
539,539.jpg,crater
540,540.jpg,other
541,541.jpg,crater
542,542.jpg,other
543,543.jpg,bright dune
544,544.jpg,other
545,545.jpg,other
546,546.jpg,other
547,547.jpg,other
548,548.jpg,impact ejecta
549,549.jpg,other
550,550.jpg,other
551,551.jpg,other
552,552.jpg,crater
553,553.jpg,other
554,554.jpg,dark dune
555,555.jpg,bright dune
556,556.jpg,bright dune
557,557.jpg,crater
558,558.jpg,other
559,559.jpg,dark dune
560,560.jpg,dark dune
561,561.jpg,other
562,562.jpg,other
563,563.jpg,bright dune
564,564.jpg,slope streak
565,565.jpg,other
566,566.jpg,crater
567,567.jpg,other
568,568.jpg,spider
569,569.jpg,crater
570,570.jpg,other
571,571.jpg,dark dune
572,572.jpg,swiss cheese
573,573.jpg,crater
574,574.jpg,slope streak
575,575.jpg,other
576,576.jpg,other
577,577.jpg,crater
578,578.jpg,crater
579,579.jpg,other
580,580.jpg,other
581,581.jpg,other
582,582.jpg,crater
583,583.jpg,bright dune
584,584.jpg,slope streak
585,585.jpg,other
586,586.jpg,swiss cheese
587,587.jpg,other
588,588.jpg,bright dune
589,589.jpg,other
590,590.jpg,other
591,591.jpg,crater
592,592.jpg,slope streak
593,593.jpg,other
594,594.jpg,other
595,595.jpg,slope streak
596,596.jpg,other
597,597.jpg,other
598,598.jpg,crater
599,599.jpg,other
600,600.jpg,crater
601,601.jpg,other
602,602.jpg,other
603,603.jpg,swiss cheese
604,604.jpg,dark dune
605,605.jpg,other
606,606.jpg,other
607,607.jpg,other
608,608.jpg,other
609,609.jpg,other
610,610.jpg,other
611,611.jpg,swiss cheese
612,612.jpg,other
613,613.jpg,other
614,614.jpg,other
615,615.jpg,dark dune
616,616.jpg,crater
617,617.jpg,other
618,618.jpg,dark dune
619,619.jpg,other
620,620.jpg,crater
621,621.jpg,crater
622,622.jpg,crater
623,623.jpg,swiss cheese
624,624.jpg,other
625,625.jpg,other
626,626.jpg,other
627,627.jpg,other
628,628.jpg,impact ejecta
629,629.jpg,other
630,630.jpg,other
631,631.jpg,other
632,632.jpg,bright dune
633,633.jpg,other
634,634.jpg,other
635,635.jpg,other
636,636.jpg,other
637,637.jpg,other
638,638.jpg,other
639,639.jpg,dark dune
640,640.jpg,other
641,641.jpg,bright dune
642,642.jpg,crater
643,643.jpg,crater
644,644.jpg,swiss cheese
645,645.jpg,other
646,646.jpg,crater
647,647.jpg,other
648,648.jpg,swiss cheese
649,649.jpg,crater
650,650.jpg,other
651,651.jpg,other
652,652.jpg,slope streak
653,653.jpg,other
654,654.jpg,other
655,655.jpg,other
656,656.jpg,dark dune
657,657.jpg,other
658,658.jpg,other
659,659.jpg,other
660,660.jpg,other
661,661.jpg,bright dune
662,662.jpg,slope streak
663,663.jpg,crater
664,664.jpg,other
665,665.jpg,other
666,666.jpg,other
667,667.jpg,other
668,668.jpg,other
669,669.jpg,other
670,670.jpg,other
671,671.jpg,other
672,672.jpg,other
673,673.jpg,other
674,674.jpg,impact ejecta
675,675.jpg,other
676,676.jpg,other
677,677.jpg,other
678,678.jpg,other
679,679.jpg,slope streak
680,680.jpg,other
681,681.jpg,swiss cheese
682,682.jpg,spider
683,683.jpg,other
684,684.jpg,other
685,685.jpg,bright dune
686,686.jpg,crater
687,687.jpg,other
688,688.jpg,other
689,689.jpg,other
690,690.jpg,other
691,691.jpg,other
692,692.jpg,other
693,693.jpg,swiss cheese
694,694.jpg,crater
695,695.jpg,other
696,696.jpg,other
697,697.jpg,other
698,698.jpg,crater
699,699.jpg,crater
700,700.jpg,other
701,701.jpg,other
702,702.jpg,other
703,703.jpg,other
704,704.jpg,other
705,705.jpg,other
706,706.jpg,crater
707,707.jpg,other
708,708.jpg,swiss cheese
709,709.jpg,other
710,710.jpg,slope streak
711,711.jpg,other
712,712.jpg,other
713,713.jpg,crater
714,714.jpg,slope streak
715,715.jpg,dark dune
716,716.jpg,slope streak
717,717.jpg,bright dune
718,718.jpg,other
719,719.jpg,other
720,720.jpg,other
721,721.jpg,other
722,722.jpg,slope streak
723,723.jpg,other
724,724.jpg,other
725,725.jpg,other
726,726.jpg,other
727,727.jpg,crater
728,728.jpg,bright dune
729,729.jpg,crater
730,730.jpg,other
731,731.jpg,swiss cheese
732,732.jpg,spider
733,733.jpg,other
734,734.jpg,other
735,735.jpg,other
736,736.jpg,bright dune
737,737.jpg,crater
738,738.jpg,other
739,739.jpg,other
740,740.jpg,other
741,741.jpg,other
742,742.jpg,other
743,743.jpg,other
744,744.jpg,other
745,745.jpg,other
746,746.jpg,crater
747,747.jpg,other
748,748.jpg,other
749,749.jpg,other
750,750.jpg,slope streak
751,751.jpg,other
752,752.jpg,other
753,753.jpg,other
754,754.jpg,other
755,755.jpg,dark dune
756,756.jpg,other
757,757.jpg,other
758,758.jpg,other
759,759.jpg,other
760,760.jpg,bright dune
761,761.jpg,other
762,762.jpg,other
763,763.jpg,other
764,764.jpg,other
765,765.jpg,other
766,766.jpg,other
767,767.jpg,other
768,768.jpg,other
769,769.jpg,crater
770,770.jpg,other
771,771.jpg,other
772,772.jpg,other
773,773.jpg,other
774,774.jpg,bright dune
775,775.jpg,other
776,776.jpg,other
777,777.jpg,crater
778,778.jpg,crater
779,779.jpg,crater
780,780.jpg,other
781,781.jpg,other
782,782.jpg,bright dune
783,783.jpg,crater
784,784.jpg,other
785,785.jpg,crater
786,786.jpg,other
787,787.jpg,other
788,788.jpg,other
789,789.jpg,other
790,790.jpg,other
791,791.jpg,dark dune
792,792.jpg,crater
793,793.jpg,swiss cheese
794,794.jpg,other
795,795.jpg,other
796,796.jpg,swiss cheese
797,797.jpg,other
798,798.jpg,other
799,799.jpg,crater
800,800.jpg,other
801,801.jpg,bright dune
802,802.jpg,bright dune
803,803.jpg,bright dune
804,804.jpg,slope streak
805,805.jpg,other
806,806.jpg,crater
807,807.jpg,crater
808,808.jpg,other
809,809.jpg,crater
810,810.jpg,other
811,811.jpg,other
812,812.jpg,slope streak
813,813.jpg,spider
814,814.jpg,swiss cheese
815,815.jpg,bright dune
816,816.jpg,other
817,817.jpg,bright dune
818,818.jpg,other
819,819.jpg,other
820,820.jpg,other
821,821.jpg,spider
822,822.jpg,other
823,823.jpg,bright dune
824,824.jpg,other
825,825.jpg,other
826,826.jpg,dark dune
827,827.jpg,other
828,828.jpg,slope streak
829,829.jpg,bright dune
830,830.jpg,swiss cheese
831,831.jpg,bright dune
832,832.jpg,swiss cheese
833,833.jpg,other
834,834.jpg,bright dune
835,835.jpg,other
836,836.jpg,crater
837,837.jpg,other
838,838.jpg,other
839,839.jpg,other
840,840.jpg,dark dune
841,841.jpg,other
842,842.jpg,crater
843,843.jpg,other
844,844.jpg,other
845,845.jpg,other
846,846.jpg,crater
847,847.jpg,other
848,848.jpg,other
849,849.jpg,other
850,850.jpg,other
851,851.jpg,swiss cheese
852,852.jpg,other
853,853.jpg,dark dune
854,854.jpg,crater
855,855.jpg,other
856,856.jpg,other
857,857.jpg,other
858,858.jpg,other
859,859.jpg,crater
860,860.jpg,other
861,861.jpg,other
862,862.jpg,other
863,863.jpg,other
864,864.jpg,other
865,865.jpg,crater
866,866.jpg,other
867,867.jpg,other
868,868.jpg,other
869,869.jpg,other
870,870.jpg,other
871,871.jpg,crater
872,872.jpg,bright dune
873,873.jpg,other
874,874.jpg,other
875,875.jpg,dark dune
876,876.jpg,bright dune
877,877.jpg,crater
878,878.jpg,other
879,879.jpg,other
880,880.jpg,other
881,881.jpg,bright dune
882,882.jpg,other
883,883.jpg,other
884,884.jpg,dark dune
885,885.jpg,other
886,886.jpg,other
887,887.jpg,crater
888,888.jpg,bright dune
889,889.jpg,bright dune
890,890.jpg,other
891,891.jpg,impact ejecta
892,892.jpg,crater
893,893.jpg,other
894,894.jpg,other
895,895.jpg,crater
896,896.jpg,other
897,897.jpg,dark dune
898,898.jpg,other
899,899.jpg,bright dune
900,900.jpg,other
901,901.jpg,other
902,902.jpg,other
903,903.jpg,other
904,904.jpg,other
905,905.jpg,bright dune
906,906.jpg,crater
907,907.jpg,other
908,908.jpg,crater
909,909.jpg,other
910,910.jpg,other
911,911.jpg,other
912,912.jpg,other
913,913.jpg,other
914,914.jpg,other
915,915.jpg,other
916,916.jpg,swiss cheese
917,917.jpg,other
918,918.jpg,other
919,919.jpg,other
920,920.jpg,other
921,921.jpg,other
922,922.jpg,slope streak
923,923.jpg,bright dune
924,924.jpg,other
925,925.jpg,other
926,926.jpg,other
927,927.jpg,other
928,928.jpg,crater
929,929.jpg,other
930,930.jpg,other
931,931.jpg,other
932,932.jpg,other
933,933.jpg,crater
934,934.jpg,bright dune
935,935.jpg,other
936,936.jpg,other
937,937.jpg,other
938,938.jpg,crater
939,939.jpg,other
940,940.jpg,bright dune
941,941.jpg,crater
942,942.jpg,other
943,943.jpg,other
944,944.jpg,other
945,945.jpg,other
946,946.jpg,other
947,947.jpg,crater
948,948.jpg,other
949,949.jpg,crater
950,950.jpg,other
951,951.jpg,other
952,952.jpg,other
953,953.jpg,slope streak
954,954.jpg,other
955,955.jpg,other
956,956.jpg,other
957,957.jpg,other
958,958.jpg,crater
959,959.jpg,other
960,960.jpg,crater
961,961.jpg,other
962,962.jpg,other
963,963.jpg,other
964,964.jpg,other
965,965.jpg,other
966,966.jpg,other
967,967.jpg,crater
968,968.jpg,other
969,969.jpg,other
970,970.jpg,bright dune
971,971.jpg,other
972,972.jpg,other
973,973.jpg,other
974,974.jpg,crater
975,975.jpg,other
976,976.jpg,slope streak
977,977.jpg,other
978,978.jpg,crater
979,979.jpg,other
980,980.jpg,slope streak
981,981.jpg,other
982,982.jpg,other
983,983.jpg,bright dune
984,984.jpg,other
985,985.jpg,other
986,986.jpg,crater
987,987.jpg,other
988,988.jpg,slope streak
989,989.jpg,swiss cheese
990,990.jpg,bright dune
991,991.jpg,other
992,992.jpg,other
993,993.jpg,dark dune
994,994.jpg,bright dune
995,995.jpg,other
996,996.jpg,other
997,997.jpg,other
998,998.jpg,other
999,999.jpg,other
1000,1000.jpg,other
1001,1001.jpg,other
1002,1002.jpg,other
1003,1003.jpg,other
1004,1004.jpg,crater
1005,1005.jpg,bright dune
1006,1006.jpg,other
1007,1007.jpg,other
1008,1008.jpg,other
1009,1009.jpg,other
1010,1010.jpg,swiss cheese
1011,1011.jpg,other
1012,1012.jpg,other
1013,1013.jpg,other
1014,1014.jpg,other
1015,1015.jpg,bright dune
1016,1016.jpg,other
1017,1017.jpg,slope streak
1018,1018.jpg,crater
1019,1019.jpg,other
1020,1020.jpg,bright dune
1021,1021.jpg,other
1022,1022.jpg,other
1023,1023.jpg,crater
1024,1024.jpg,spider
1025,1025.jpg,other
1026,1026.jpg,other
1027,1027.jpg,other
1028,1028.jpg,other
1029,1029.jpg,other
1030,1030.jpg,crater
1031,1031.jpg,other
1032,1032.jpg,crater
1033,1033.jpg,other
1034,1034.jpg,other
1035,1035.jpg,other
1036,1036.jpg,other
1037,1037.jpg,slope streak
1038,1038.jpg,other
1039,1039.jpg,other
1040,1040.jpg,bright dune
1041,1041.jpg,crater
1042,1042.jpg,other
1043,1043.jpg,crater
1044,1044.jpg,other
1045,1045.jpg,other
1046,1046.jpg,other
1047,1047.jpg,other
1048,1048.jpg,other
1049,1049.jpg,crater
1050,1050.jpg,other
1051,1051.jpg,other
1052,1052.jpg,other
1053,1053.jpg,other
1054,1054.jpg,other
1055,1055.jpg,crater
1056,1056.jpg,slope streak
1057,1057.jpg,other
1058,1058.jpg,other
1059,1059.jpg,crater
1060,1060.jpg,crater
1061,1061.jpg,bright dune
1062,1062.jpg,other
1063,1063.jpg,other
1064,1064.jpg,other
1065,1065.jpg,bright dune
1066,1066.jpg,dark dune
1067,1067.jpg,other
1068,1068.jpg,crater
1069,1069.jpg,other
1070,1070.jpg,other
1071,1071.jpg,bright dune
1072,1072.jpg,spider
1073,1073.jpg,other
1074,1074.jpg,slope streak
1075,1075.jpg,other
1076,1076.jpg,bright dune
1077,1077.jpg,other
1078,1078.jpg,bright dune
1079,1079.jpg,other
1080,1080.jpg,other
1081,1081.jpg,crater
1082,1082.jpg,crater
1083,1083.jpg,bright dune
1084,1084.jpg,other
1085,1085.jpg,other
1086,1086.jpg,crater
1087,1087.jpg,other
1088,1088.jpg,other
1089,1089.jpg,other
1090,1090.jpg,bright dune
1091,1091.jpg,other
1092,1092.jpg,other
1093,1093.jpg,other
1094,1094.jpg,other
1095,1095.jpg,other
1096,1096.jpg,other
1097,1097.jpg,other
1098,1098.jpg,other
1099,1099.jpg,bright dune
1100,1100.jpg,other
1101,1101.jpg,other
1102,1102.jpg,crater
1103,1103.jpg,bright dune
1104,1104.jpg,other
1105,1105.jpg,other
1106,1106.jpg,other
1107,1107.jpg,other
1108,1108.jpg,crater
1109,1109.jpg,other
1110,1110.jpg,other
1111,1111.jpg,other
1112,1112.jpg,other
1113,1113.jpg,other
1114,1114.jpg,other
1115,1115.jpg,crater
1116,1116.jpg,slope streak
1117,1117.jpg,other
1118,1118.jpg,crater
1119,1119.jpg,dark dune
1120,1120.jpg,other
1121,1121.jpg,crater
1122,1122.jpg,crater
1123,1123.jpg,dark dune
1124,1124.jpg,other
1125,1125.jpg,other
1126,1126.jpg,other
1127,1127.jpg,slope streak
1128,1128.jpg,other
1129,1129.jpg,slope streak
1130,1130.jpg,other
1131,1131.jpg,other
1132,1132.jpg,other
1133,1133.jpg,other
1134,1134.jpg,other
1135,1135.jpg,crater
1136,1136.jpg,crater
1137,1137.jpg,other
1138,1138.jpg,bright dune
1139,1139.jpg,other
1140,1140.jpg,swiss cheese
1141,1141.jpg,other
1142,1142.jpg,dark dune
1143,1143.jpg,other
1144,1144.jpg,other
1145,1145.jpg,other
1146,1146.jpg,other
1147,1147.jpg,other
1148,1148.jpg,other
1149,1149.jpg,slope streak
1150,1150.jpg,crater
1151,1151.jpg,slope streak
1152,1152.jpg,crater
1153,1153.jpg,other
1154,1154.jpg,other
1155,1155.jpg,spider
1156,1156.jpg,other
1157,1157.jpg,bright dune
1158,1158.jpg,slope streak
1159,1159.jpg,other
1160,1160.jpg,other
1161,1161.jpg,other
1162,1162.jpg,other
1163,1163.jpg,other
1164,1164.jpg,other
1165,1165.jpg,other
1166,1166.jpg,other
1167,1167.jpg,other
1168,1168.jpg,other
1169,1169.jpg,bright dune
1170,1170.jpg,other
1171,1171.jpg,other
1172,1172.jpg,slope streak
1173,1173.jpg,other
1174,1174.jpg,dark dune
1175,1175.jpg,other
1176,1176.jpg,dark dune
1177,1177.jpg,bright dune
1178,1178.jpg,crater
1179,1179.jpg,other
1180,1180.jpg,crater
1181,1181.jpg,other
1182,1182.jpg,other
1183,1183.jpg,dark dune
1184,1184.jpg,other
1185,1185.jpg,bright dune
1186,1186.jpg,other
1187,1187.jpg,bright dune
1188,1188.jpg,other
1189,1189.jpg,other
1190,1190.jpg,bright dune
1191,1191.jpg,other
1192,1192.jpg,crater
1193,1193.jpg,other
1194,1194.jpg,other
1195,1195.jpg,other
1196,1196.jpg,crater
1197,1197.jpg,other
1198,1198.jpg,other
1199,1199.jpg,other
1200,1200.jpg,other
1201,1201.jpg,other
1202,1202.jpg,slope streak
1203,1203.jpg,dark dune
1204,1204.jpg,other
1205,1205.jpg,crater
1206,1206.jpg,bright dune
1207,1207.jpg,crater
1208,1208.jpg,other
1209,1209.jpg,other
1210,1210.jpg,other
1211,1211.jpg,other
1212,1212.jpg,other
1213,1213.jpg,crater
1214,1214.jpg,other
1215,1215.jpg,crater
1216,1216.jpg,crater
1217,1217.jpg,other
1218,1218.jpg,crater
1219,1219.jpg,other
1220,1220.jpg,swiss cheese
1221,1221.jpg,bright dune
1222,1222.jpg,other
1223,1223.jpg,other
1224,1224.jpg,spider
1225,1225.jpg,other
1226,1226.jpg,bright dune
1227,1227.jpg,slope streak
1228,1228.jpg,other
1229,1229.jpg,other
1230,1230.jpg,other
1231,1231.jpg,other
1232,1232.jpg,other
1233,1233.jpg,other
1234,1234.jpg,other
1235,1235.jpg,crater
1236,1236.jpg,other
1237,1237.jpg,dark dune
1238,1238.jpg,other
1239,1239.jpg,crater
1240,1240.jpg,crater
1241,1241.jpg,other
1242,1242.jpg,crater
1243,1243.jpg,other
1244,1244.jpg,other
1245,1245.jpg,crater
1246,1246.jpg,other
1247,1247.jpg,bright dune
1248,1248.jpg,crater
1249,1249.jpg,crater
1250,1250.jpg,other
1251,1251.jpg,crater
1252,1252.jpg,spider
1253,1253.jpg,slope streak
1254,1254.jpg,impact ejecta
1255,1255.jpg,other
1256,1256.jpg,crater
1257,1257.jpg,crater
1258,1258.jpg,slope streak
1259,1259.jpg,other
1260,1260.jpg,other
1261,1261.jpg,other
1262,1262.jpg,other
1263,1263.jpg,other
1264,1264.jpg,other
1265,1265.jpg,other
1266,1266.jpg,other
1267,1267.jpg,other
1268,1268.jpg,other
1269,1269.jpg,bright dune
1270,1270.jpg,other
1271,1271.jpg,other
1272,1272.jpg,other
1273,1273.jpg,other
1274,1274.jpg,other
1275,1275.jpg,bright dune
1276,1276.jpg,other
1277,1277.jpg,dark dune
1278,1278.jpg,bright dune
1279,1279.jpg,bright dune
1280,1280.jpg,other
1281,1281.jpg,other
1282,1282.jpg,other
1283,1283.jpg,crater
1284,1284.jpg,other
1285,1285.jpg,crater
1286,1286.jpg,other
1287,1287.jpg,bright dune
1288,1288.jpg,crater
1289,1289.jpg,other
1290,1290.jpg,bright dune
1291,1291.jpg,other
1292,1292.jpg,other
1293,1293.jpg,other
1294,1294.jpg,other
1295,1295.jpg,other
1296,1296.jpg,crater
1297,1297.jpg,bright dune
1298,1298.jpg,other
1299,1299.jpg,crater
1300,1300.jpg,other
1301,1301.jpg,bright dune
1302,1302.jpg,swiss cheese
1303,1303.jpg,bright dune
1304,1304.jpg,other
1305,1305.jpg,other
1306,1306.jpg,other
1307,1307.jpg,other
1308,1308.jpg,crater
1309,1309.jpg,crater
1310,1310.jpg,other
1311,1311.jpg,crater
1312,1312.jpg,other
1313,1313.jpg,other
1314,1314.jpg,other
1315,1315.jpg,other
1316,1316.jpg,bright dune
1317,1317.jpg,swiss cheese
1318,1318.jpg,slope streak
1319,1319.jpg,other
1320,1320.jpg,other
1321,1321.jpg,crater
1322,1322.jpg,crater
1323,1323.jpg,slope streak
1324,1324.jpg,slope streak
1325,1325.jpg,other
1326,1326.jpg,other
1327,1327.jpg,dark dune
1328,1328.jpg,slope streak
1329,1329.jpg,other
1330,1330.jpg,other
1331,1331.jpg,bright dune
1332,1332.jpg,other
1333,1333.jpg,other
1334,1334.jpg,other
1335,1335.jpg,other
1336,1336.jpg,other
1337,1337.jpg,crater
1338,1338.jpg,bright dune
1339,1339.jpg,swiss cheese
1340,1340.jpg,crater
1341,1341.jpg,dark dune
1342,1342.jpg,other
1343,1343.jpg,other
1344,1344.jpg,other
1345,1345.jpg,slope streak
1346,1346.jpg,other
1347,1347.jpg,bright dune
1348,1348.jpg,other
1349,1349.jpg,bright dune
1350,1350.jpg,crater
1351,1351.jpg,other
1352,1352.jpg,crater
1353,1353.jpg,slope streak
1354,1354.jpg,other
1355,1355.jpg,impact ejecta
1356,1356.jpg,other
1357,1357.jpg,bright dune
1358,1358.jpg,crater
1359,1359.jpg,other
1360,1360.jpg,other
1361,1361.jpg,other
1362,1362.jpg,other
1363,1363.jpg,other
1364,1364.jpg,other
1365,1365.jpg,other
1366,1366.jpg,other
1367,1367.jpg,other
1368,1368.jpg,bright dune
1369,1369.jpg,slope streak
1370,1370.jpg,other
1371,1371.jpg,other
1372,1372.jpg,crater
1373,1373.jpg,other
1374,1374.jpg,other
1375,1375.jpg,other
1376,1376.jpg,other
1377,1377.jpg,other
1378,1378.jpg,other
1379,1379.jpg,dark dune
1380,1380.jpg,other
1381,1381.jpg,other
1382,1382.jpg,swiss cheese
1383,1383.jpg,bright dune
1384,1384.jpg,other
1385,1385.jpg,bright dune
1386,1386.jpg,slope streak
1387,1387.jpg,dark dune
1388,1388.jpg,bright dune
1389,1389.jpg,other
1390,1390.jpg,crater
1391,1391.jpg,other
1392,1392.jpg,crater
1393,1393.jpg,other
1394,1394.jpg,swiss cheese
1395,1395.jpg,other
1396,1396.jpg,dark dune
1397,1397.jpg,dark dune
1398,1398.jpg,swiss cheese
1399,1399.jpg,other
1400,1400.jpg,crater
1401,1401.jpg,crater
1402,1402.jpg,other
1403,1403.jpg,slope streak
1404,1404.jpg,other
1405,1405.jpg,other
1406,1406.jpg,crater
1407,1407.jpg,other
1408,1408.jpg,crater
1409,1409.jpg,crater
1410,1410.jpg,other
1411,1411.jpg,crater
1412,1412.jpg,swiss cheese
1413,1413.jpg,crater
1414,1414.jpg,other
1415,1415.jpg,crater
1416,1416.jpg,bright dune
1417,1417.jpg,other
1418,1418.jpg,crater
1419,1419.jpg,other
1420,1420.jpg,crater
1421,1421.jpg,crater
1422,1422.jpg,crater
1423,1423.jpg,other
1424,1424.jpg,other
1425,1425.jpg,other
1426,1426.jpg,other
1427,1427.jpg,other
1428,1428.jpg,other
1429,1429.jpg,other
1430,1430.jpg,other
1431,1431.jpg,bright dune
1432,1432.jpg,other
1433,1433.jpg,slope streak
1434,1434.jpg,other
1435,1435.jpg,bright dune
1436,1436.jpg,crater
1437,1437.jpg,impact ejecta
1438,1438.jpg,other
1439,1439.jpg,other
1440,1440.jpg,bright dune
1441,1441.jpg,bright dune
1442,1442.jpg,crater
1443,1443.jpg,other
1444,1444.jpg,dark dune
1445,1445.jpg,other
1446,1446.jpg,bright dune
1447,1447.jpg,other
1448,1448.jpg,other
1449,1449.jpg,swiss cheese
1450,1450.jpg,other
1451,1451.jpg,other
1452,1452.jpg,slope streak
1453,1453.jpg,slope streak
1454,1454.jpg,other
1455,1455.jpg,other
1456,1456.jpg,other
1457,1457.jpg,bright dune
1458,1458.jpg,other
1459,1459.jpg,bright dune
1460,1460.jpg,other
1461,1461.jpg,crater
1462,1462.jpg,crater
1463,1463.jpg,other
1464,1464.jpg,spider
1465,1465.jpg,other
1466,1466.jpg,other
1467,1467.jpg,other
1468,1468.jpg,other
1469,1469.jpg,bright dune
1470,1470.jpg,bright dune
1471,1471.jpg,other
1472,1472.jpg,bright dune
1473,1473.jpg,swiss cheese
1474,1474.jpg,crater
1475,1475.jpg,bright dune
1476,1476.jpg,other
1477,1477.jpg,dark dune
1478,1478.jpg,other
1479,1479.jpg,other
1480,1480.jpg,crater
1481,1481.jpg,swiss cheese
1482,1482.jpg,dark dune
1483,1483.jpg,other
1484,1484.jpg,crater
1485,1485.jpg,dark dune
1486,1486.jpg,other
1487,1487.jpg,crater
1488,1488.jpg,crater
1489,1489.jpg,other
1490,1490.jpg,other
1491,1491.jpg,other
1492,1492.jpg,other
1493,1493.jpg,other
1494,1494.jpg,bright dune
1495,1495.jpg,swiss cheese
1496,1496.jpg,crater
1497,1497.jpg,other
1498,1498.jpg,other
1499,1499.jpg,swiss cheese
1500,1500.jpg,crater
1501,1501.jpg,dark dune
1502,1502.jpg,other
1503,1503.jpg,bright dune
1504,1504.jpg,crater
1505,1505.jpg,other
1506,1506.jpg,other
1507,1507.jpg,crater
1508,1508.jpg,other
1509,1509.jpg,other
1510,1510.jpg,bright dune
1511,1511.jpg,other
1512,1512.jpg,other
1513,1513.jpg,other
1514,1514.jpg,bright dune
1515,1515.jpg,other
1516,1516.jpg,other
1517,1517.jpg,crater
1518,1518.jpg,crater
1519,1519.jpg,dark dune
1520,1520.jpg,other
1521,1521.jpg,crater
1522,1522.jpg,other
1523,1523.jpg,other
1524,1524.jpg,other
1525,1525.jpg,crater
1526,1526.jpg,bright dune
1527,1527.jpg,other
1528,1528.jpg,other
1529,1529.jpg,bright dune
1530,1530.jpg,other
1531,1531.jpg,other
1532,1532.jpg,slope streak
1533,1533.jpg,other
1534,1534.jpg,other
1535,1535.jpg,other
1536,1536.jpg,other
1537,1537.jpg,other
1538,1538.jpg,slope streak
1539,1539.jpg,bright dune
1540,1540.jpg,crater
1541,1541.jpg,swiss cheese
1542,1542.jpg,other
1543,1543.jpg,other
1544,1544.jpg,other
1545,1545.jpg,other
1546,1546.jpg,other
1547,1547.jpg,other
1548,1548.jpg,other
1549,1549.jpg,other
1550,1550.jpg,crater
1551,1551.jpg,dark dune
1552,1552.jpg,bright dune
1553,1553.jpg,swiss cheese
1554,1554.jpg,crater
1555,1555.jpg,other
1556,1556.jpg,other
1557,1557.jpg,bright dune
1558,1558.jpg,spider
1559,1559.jpg,other
1560,1560.jpg,other
1561,1561.jpg,other
1562,1562.jpg,crater
1563,1563.jpg,other
1564,1564.jpg,other
1565,1565.jpg,other
1566,1566.jpg,other
1567,1567.jpg,other
1568,1568.jpg,crater
1569,1569.jpg,other
1570,1570.jpg,other
1571,1571.jpg,other
1572,1572.jpg,other
1573,1573.jpg,crater
1574,1574.jpg,crater
1575,1575.jpg,slope streak
1576,1576.jpg,other
1577,1577.jpg,crater
1578,1578.jpg,other
1579,1579.jpg,other
1580,1580.jpg,dark dune
1581,1581.jpg,crater
1582,1582.jpg,crater
1583,1583.jpg,crater
1584,1584.jpg,other
1585,1585.jpg,other
1586,1586.jpg,other
1587,1587.jpg,other
1588,1588.jpg,other
1589,1589.jpg,slope streak
1590,1590.jpg,other
1591,1591.jpg,other
1592,1592.jpg,other
1593,1593.jpg,crater
1594,1594.jpg,other
1595,1595.jpg,crater
1596,1596.jpg,other
1597,1597.jpg,crater
1598,1598.jpg,other
1599,1599.jpg,crater
1600,1600.jpg,other
1601,1601.jpg,other
1602,1602.jpg,crater
1603,1603.jpg,other
1604,1604.jpg,dark dune
1605,1605.jpg,other
1606,1606.jpg,other
1607,1607.jpg,other
1608,1608.jpg,other
1609,1609.jpg,spider
1610,1610.jpg,crater
1611,1611.jpg,crater
1612,1612.jpg,other
1613,1613.jpg,other
1614,1614.jpg,other
1615,1615.jpg,other
1616,1616.jpg,other
1617,1617.jpg,slope streak
1618,1618.jpg,crater
1619,1619.jpg,bright dune
1620,1620.jpg,other
1621,1621.jpg,bright dune
1622,1622.jpg,other
1623,1623.jpg,bright dune
1624,1624.jpg,bright dune
1625,1625.jpg,crater
1626,1626.jpg,other
1627,1627.jpg,bright dune
1628,1628.jpg,crater
1629,1629.jpg,other
1630,1630.jpg,crater
1631,1631.jpg,other
1632,1632.jpg,bright dune
1633,1633.jpg,other
1634,1634.jpg,other
1635,1635.jpg,other
1636,1636.jpg,crater
1637,1637.jpg,dark dune
1638,1638.jpg,crater
1639,1639.jpg,crater
1640,1640.jpg,swiss cheese
1641,1641.jpg,other
1642,1642.jpg,crater
1643,1643.jpg,crater
1644,1644.jpg,other
1645,1645.jpg,other
1646,1646.jpg,other
1647,1647.jpg,other
1648,1648.jpg,other
1649,1649.jpg,swiss cheese
1650,1650.jpg,dark dune
1651,1651.jpg,crater
1652,1652.jpg,crater
1653,1653.jpg,other
1654,1654.jpg,other
1655,1655.jpg,other
1656,1656.jpg,bright dune
1657,1657.jpg,crater
1658,1658.jpg,other
1659,1659.jpg,other
1660,1660.jpg,other
1661,1661.jpg,bright dune
1662,1662.jpg,slope streak
1663,1663.jpg,other
1664,1664.jpg,other
1665,1665.jpg,other
1666,1666.jpg,other
1667,1667.jpg,bright dune
1668,1668.jpg,crater
1669,1669.jpg,other
1670,1670.jpg,bright dune
1671,1671.jpg,crater
1672,1672.jpg,other
1673,1673.jpg,other
1674,1674.jpg,crater
1675,1675.jpg,bright dune
1676,1676.jpg,slope streak
1677,1677.jpg,other
1678,1678.jpg,other
1679,1679.jpg,other
1680,1680.jpg,other
1681,1681.jpg,other
1682,1682.jpg,other
1683,1683.jpg,crater
1684,1684.jpg,other
1685,1685.jpg,slope streak
1686,1686.jpg,other
1687,1687.jpg,other
1688,1688.jpg,bright dune
1689,1689.jpg,slope streak
1690,1690.jpg,other
1691,1691.jpg,other
1692,1692.jpg,crater
1693,1693.jpg,crater
1694,1694.jpg,bright dune
1695,1695.jpg,slope streak
1696,1696.jpg,other
1697,1697.jpg,other
1698,1698.jpg,other
1699,1699.jpg,spider
1700,1700.jpg,other
1701,1701.jpg,crater
1702,1702.jpg,other
1703,1703.jpg,other
1704,1704.jpg,crater
1705,1705.jpg,other
1706,1706.jpg,other
1707,1707.jpg,crater
1708,1708.jpg,swiss cheese
1709,1709.jpg,crater
1710,1710.jpg,other
1711,1711.jpg,crater
1712,1712.jpg,other
1713,1713.jpg,bright dune
1714,1714.jpg,slope streak
1715,1715.jpg,other
1716,1716.jpg,crater
1717,1717.jpg,other
1718,1718.jpg,other
1719,1719.jpg,swiss cheese
1720,1720.jpg,other
1721,1721.jpg,bright dune
1722,1722.jpg,other
1723,1723.jpg,bright dune
1724,1724.jpg,swiss cheese
1725,1725.jpg,other
1726,1726.jpg,bright dune
1727,1727.jpg,crater
1728,1728.jpg,other
1729,1729.jpg,bright dune
1730,1730.jpg,other
1731,1731.jpg,other
1732,1732.jpg,other
1733,1733.jpg,other
1734,1734.jpg,other
1735,1735.jpg,other
1736,1736.jpg,other
1737,1737.jpg,swiss cheese
1738,1738.jpg,other
1739,1739.jpg,slope streak
1740,1740.jpg,other
1741,1741.jpg,slope streak
1742,1742.jpg,other
1743,1743.jpg,other
1744,1744.jpg,other
1745,1745.jpg,dark dune
1746,1746.jpg,swiss cheese
1747,1747.jpg,impact ejecta
1748,1748.jpg,bright dune
1749,1749.jpg,other
1750,1750.jpg,other
1751,1751.jpg,other
1752,1752.jpg,bright dune
1753,1753.jpg,other
1754,1754.jpg,crater
1755,1755.jpg,other
1756,1756.jpg,other
1757,1757.jpg,crater
1758,1758.jpg,bright dune
1759,1759.jpg,bright dune
1760,1760.jpg,other
1761,1761.jpg,other
1762,1762.jpg,other
1763,1763.jpg,slope streak
1764,1764.jpg,other
1765,1765.jpg,other
1766,1766.jpg,other
1767,1767.jpg,swiss cheese
1768,1768.jpg,dark dune
1769,1769.jpg,dark dune
1770,1770.jpg,other
1771,1771.jpg,bright dune
1772,1772.jpg,other
1773,1773.jpg,crater
1774,1774.jpg,other
1775,1775.jpg,other
1776,1776.jpg,other
1777,1777.jpg,other
1778,1778.jpg,other
1779,1779.jpg,other
1780,1780.jpg,crater
1781,1781.jpg,bright dune
1782,1782.jpg,other
1783,1783.jpg,other
1784,1784.jpg,bright dune
1785,1785.jpg,other
1786,1786.jpg,crater
1787,1787.jpg,other
1788,1788.jpg,other
1789,1789.jpg,crater
1790,1790.jpg,other
1791,1791.jpg,other
1792,1792.jpg,other
1793,1793.jpg,other
1794,1794.jpg,other
1795,1795.jpg,other
1796,1796.jpg,other
1797,1797.jpg,bright dune
1798,1798.jpg,crater
1799,1799.jpg,other
1800,1800.jpg,swiss cheese
1801,1801.jpg,other
1802,1802.jpg,other
1803,1803.jpg,other
1804,1804.jpg,other
1805,1805.jpg,other
1806,1806.jpg,bright dune
1807,1807.jpg,crater
1808,1808.jpg,swiss cheese
1809,1809.jpg,swiss cheese
1810,1810.jpg,bright dune
1811,1811.jpg,other
1812,1812.jpg,bright dune
1813,1813.jpg,crater
1814,1814.jpg,slope streak
1815,1815.jpg,other
1816,1816.jpg,crater
1817,1817.jpg,crater
1818,1818.jpg,other
1819,1819.jpg,bright dune
1820,1820.jpg,crater
1821,1821.jpg,other
1822,1822.jpg,crater
1823,1823.jpg,other
1824,1824.jpg,crater
1825,1825.jpg,other
1826,1826.jpg,other
1827,1827.jpg,other
1828,1828.jpg,other
1829,1829.jpg,other
1830,1830.jpg,bright dune
1831,1831.jpg,dark dune
1832,1832.jpg,swiss cheese
1833,1833.jpg,crater
1834,1834.jpg,crater
1835,1835.jpg,impact ejecta
1836,1836.jpg,other
1837,1837.jpg,bright dune
1838,1838.jpg,bright dune
1839,1839.jpg,bright dune
1840,1840.jpg,spider
1841,1841.jpg,other
1842,1842.jpg,slope streak
1843,1843.jpg,other
1844,1844.jpg,crater
1845,1845.jpg,slope streak
1846,1846.jpg,crater
1847,1847.jpg,other
1848,1848.jpg,slope streak
1849,1849.jpg,other
1850,1850.jpg,other
1851,1851.jpg,other
1852,1852.jpg,crater
1853,1853.jpg,crater
1854,1854.jpg,bright dune
1855,1855.jpg,other
1856,1856.jpg,other
1857,1857.jpg,other
1858,1858.jpg,crater
1859,1859.jpg,swiss cheese
1860,1860.jpg,crater
1861,1861.jpg,other
1862,1862.jpg,other
1863,1863.jpg,other
1864,1864.jpg,crater
1865,1865.jpg,other
1866,1866.jpg,other
1867,1867.jpg,swiss cheese
1868,1868.jpg,other
1869,1869.jpg,crater
1870,1870.jpg,other
1871,1871.jpg,other
1872,1872.jpg,other
1873,1873.jpg,other
1874,1874.jpg,other
1875,1875.jpg,bright dune
1876,1876.jpg,crater
1877,1877.jpg,slope streak
1878,1878.jpg,bright dune
1879,1879.jpg,other
1880,1880.jpg,other
1881,1881.jpg,other
1882,1882.jpg,other
1883,1883.jpg,bright dune
1884,1884.jpg,dark dune
1885,1885.jpg,bright dune
1886,1886.jpg,other
1887,1887.jpg,other
1888,1888.jpg,other
1889,1889.jpg,other
1890,1890.jpg,other
1891,1891.jpg,dark dune
1892,1892.jpg,swiss cheese
1893,1893.jpg,other
1894,1894.jpg,other
1895,1895.jpg,other
1896,1896.jpg,other
1897,1897.jpg,other
1898,1898.jpg,other
1899,1899.jpg,other
1900,1900.jpg,other
1901,1901.jpg,other
1902,1902.jpg,other
1903,1903.jpg,other
1904,1904.jpg,other
1905,1905.jpg,other
1906,1906.jpg,other
1907,1907.jpg,other
1908,1908.jpg,other
1909,1909.jpg,slope streak
1910,1910.jpg,impact ejecta
1911,1911.jpg,crater
1912,1912.jpg,crater
1913,1913.jpg,crater
1914,1914.jpg,slope streak
1915,1915.jpg,swiss cheese
1916,1916.jpg,other
1917,1917.jpg,other
1918,1918.jpg,other
1919,1919.jpg,swiss cheese
1920,1920.jpg,other
1921,1921.jpg,crater
1922,1922.jpg,dark dune
1923,1923.jpg,other
1924,1924.jpg,crater
1925,1925.jpg,crater
1926,1926.jpg,other
1927,1927.jpg,other
1928,1928.jpg,other
1929,1929.jpg,crater
1930,1930.jpg,slope streak
1931,1931.jpg,other
1932,1932.jpg,other
1933,1933.jpg,other
1934,1934.jpg,other
1935,1935.jpg,bright dune
1936,1936.jpg,crater
1937,1937.jpg,swiss cheese
1938,1938.jpg,other
1939,1939.jpg,crater
1940,1940.jpg,other
1941,1941.jpg,other
1942,1942.jpg,other
1943,1943.jpg,other
1944,1944.jpg,crater
1945,1945.jpg,crater
1946,1946.jpg,other
1947,1947.jpg,crater
1948,1948.jpg,other
1949,1949.jpg,crater
1950,1950.jpg,other
1951,1951.jpg,other
1952,1952.jpg,other
1953,1953.jpg,crater
1954,1954.jpg,crater
1955,1955.jpg,dark dune
1956,1956.jpg,other
1957,1957.jpg,slope streak
1958,1958.jpg,spider
1959,1959.jpg,other
1960,1960.jpg,crater
1961,1961.jpg,other
1962,1962.jpg,other
1963,1963.jpg,crater
1964,1964.jpg,other
1965,1965.jpg,other
1966,1966.jpg,other
1967,1967.jpg,other
1968,1968.jpg,other
1969,1969.jpg,other
1970,1970.jpg,other
1971,1971.jpg,other
1972,1972.jpg,slope streak
1973,1973.jpg,crater
1974,1974.jpg,other
1975,1975.jpg,other
1976,1976.jpg,other
1977,1977.jpg,other
1978,1978.jpg,other
1979,1979.jpg,other
1980,1980.jpg,slope streak
1981,1981.jpg,swiss cheese
1982,1982.jpg,other
1983,1983.jpg,bright dune
1984,1984.jpg,crater
1985,1985.jpg,slope streak
1986,1986.jpg,other
1987,1987.jpg,other
1988,1988.jpg,other
1989,1989.jpg,other
1990,1990.jpg,other
1991,1991.jpg,other
1992,1992.jpg,other
1993,1993.jpg,other
1994,1994.jpg,other
1995,1995.jpg,spider
1996,1996.jpg,other
1997,1997.jpg,crater
1998,1998.jpg,bright dune
1999,1999.jpg,other
