file_name,predictions
1.jpg,slope streak
2.jpg,crater
3.jpg,crater
4.jpg,other
5.jpg,other
6.jpg,other
7.jpg,other
8.jpg,other
9.jpg,other
10.jpg,slope streak
11.jpg,slope streak
12.jpg,slope streak
13.jpg,crater
14.jpg,other
15.jpg,crater
16.jpg,other
17.jpg,other
18.jpg,other
19.jpg,crater
20.jpg,other
21.jpg,other
22.jpg,other
23.jpg,crater
24.jpg,other
25.jpg,other
26.jpg,crater
27.jpg,other
28.jpg,other
29.jpg,crater
30.jpg,bright dune
31.jpg,crater
32.jpg,crater
33.jpg,crater
34.jpg,other
35.jpg,bright dune
36.jpg,crater
37.jpg,bright dune
38.jpg,other
39.jpg,other
40.jpg,slope streak
41.jpg,other
42.jpg,other
43.jpg,other
44.jpg,other
45.jpg,other
46.jpg,swiss cheese
47.jpg,other
48.jpg,slope streak
49.jpg,crater
50.jpg,other
51.jpg,other
52.jpg,bright dune
53.jpg,other
54.jpg,crater
55.jpg,swiss cheese
56.jpg,other
57.jpg,crater
58.jpg,crater
59.jpg,bright dune
60.jpg,dark dune
61.jpg,crater
62.jpg,slope streak
63.jpg,bright dune
64.jpg,bright dune
65.jpg,other
66.jpg,other
67.jpg,other
68.jpg,bright dune
69.jpg,other
70.jpg,other
71.jpg,bright dune
72.jpg,other
73.jpg,crater
74.jpg,crater
75.jpg,bright dune
76.jpg,slope streak
77.jpg,bright dune
78.jpg,other
79.jpg,slope streak
80.jpg,bright dune
81.jpg,other
82.jpg,other
83.jpg,crater
84.jpg,dark dune
85.jpg,other
86.jpg,other
87.jpg,crater
88.jpg,swiss cheese
89.jpg,bright dune
90.jpg,swiss cheese
91.jpg,other
92.jpg,other
93.jpg,slope streak
94.jpg,other
95.jpg,crater
96.jpg,other
97.jpg,other
98.jpg,other
99.jpg,other
100.jpg,bright dune
101.jpg,other
102.jpg,other
103.jpg,other
104.jpg,other
105.jpg,other
106.jpg,other
107.jpg,other
108.jpg,other
109.jpg,other
110.jpg,crater
111.jpg,other
112.jpg,other
113.jpg,crater
114.jpg,crater
115.jpg,crater
116.jpg,other
117.jpg,other
118.jpg,dark dune
119.jpg,other
120.jpg,other
121.jpg,other
122.jpg,other
123.jpg,other
124.jpg,other
125.jpg,bright dune
126.jpg,other
127.jpg,other
128.jpg,crater
129.jpg,bright dune
130.jpg,other
131.jpg,spider
132.jpg,other
133.jpg,other
134.jpg,crater
135.jpg,slope streak
136.jpg,other
137.jpg,other
138.jpg,other
139.jpg,other
140.jpg,other
141.jpg,other
142.jpg,swiss cheese
143.jpg,other
144.jpg,other
145.jpg,crater
146.jpg,other
147.jpg,dark dune
148.jpg,other
149.jpg,bright dune
150.jpg,crater
151.jpg,crater
152.jpg,other
153.jpg,crater
154.jpg,bright dune
155.jpg,other
156.jpg,other
157.jpg,crater
158.jpg,other
159.jpg,swiss cheese
160.jpg,bright dune
161.jpg,other
162.jpg,crater
163.jpg,other
164.jpg,crater
165.jpg,bright dune
166.jpg,bright dune
167.jpg,other
168.jpg,other
169.jpg,bright dune
170.jpg,crater
171.jpg,other
172.jpg,other
173.jpg,other
174.jpg,crater
175.jpg,other
176.jpg,other
177.jpg,other
178.jpg,other
179.jpg,other
180.jpg,crater
181.jpg,other
182.jpg,other
183.jpg,other
184.jpg,other
185.jpg,other
186.jpg,other
187.jpg,other
188.jpg,swiss cheese
189.jpg,other
190.jpg,other
191.jpg,other
192.jpg,other
193.jpg,swiss cheese
194.jpg,other
195.jpg,other
196.jpg,other
197.jpg,dark dune
198.jpg,other
199.jpg,other
200.jpg,bright dune
201.jpg,crater
202.jpg,crater
203.jpg,other
204.jpg,other
205.jpg,other
206.jpg,other
207.jpg,other
208.jpg,bright dune
209.jpg,other
210.jpg,dark dune
211.jpg,swiss cheese
212.jpg,crater
213.jpg,other
214.jpg,spider
215.jpg,other
216.jpg,slope streak
217.jpg,impact ejecta
218.jpg,other
219.jpg,slope streak
220.jpg,other
221.jpg,other
222.jpg,dark dune
223.jpg,other
224.jpg,crater
225.jpg,other
226.jpg,crater
227.jpg,other
228.jpg,other
229.jpg,bright dune
230.jpg,other
231.jpg,crater
232.jpg,crater
233.jpg,other
234.jpg,other
235.jpg,other
236.jpg,other
237.jpg,other
238.jpg,other
239.jpg,bright dune
240.jpg,other
241.jpg,other
242.jpg,other
243.jpg,other
244.jpg,swiss cheese
245.jpg,other
246.jpg,spider
247.jpg,other
248.jpg,other
249.jpg,crater
250.jpg,other
251.jpg,other
252.jpg,other
253.jpg,other
254.jpg,other
255.jpg,crater
256.jpg,slope streak
257.jpg,other
258.jpg,other
259.jpg,other
260.jpg,other
261.jpg,other
262.jpg,other
263.jpg,crater
264.jpg,other
265.jpg,crater
266.jpg,other
267.jpg,other
268.jpg,other
269.jpg,slope streak
270.jpg,other
271.jpg,dark dune
272.jpg,other
273.jpg,other
274.jpg,crater
275.jpg,crater
276.jpg,crater
277.jpg,other
278.jpg,other
279.jpg,crater
280.jpg,other
281.jpg,other
282.jpg,other
283.jpg,swiss cheese
284.jpg,other
285.jpg,other
286.jpg,other
287.jpg,other
288.jpg,other
289.jpg,bright dune
290.jpg,other
291.jpg,other
292.jpg,crater
293.jpg,other
294.jpg,other
295.jpg,other
296.jpg,other
297.jpg,other
298.jpg,crater
299.jpg,other
300.jpg,bright dune
301.jpg,other
302.jpg,other
303.jpg,crater
304.jpg,dark dune
305.jpg,other
306.jpg,dark dune
307.jpg,crater
308.jpg,other
309.jpg,other
310.jpg,other
311.jpg,other
312.jpg,crater
313.jpg,other
314.jpg,bright dune
315.jpg,other
316.jpg,other
317.jpg,crater
318.jpg,crater
319.jpg,other
320.jpg,bright dune
321.jpg,other
322.jpg,crater
323.jpg,crater
324.jpg,other
325.jpg,other
326.jpg,bright dune
327.jpg,other
328.jpg,crater
329.jpg,dark dune
330.jpg,other
331.jpg,swiss cheese
332.jpg,other
333.jpg,crater
334.jpg,other
335.jpg,other
336.jpg,dark dune
337.jpg,bright dune
338.jpg,other
339.jpg,slope streak
340.jpg,swiss cheese
341.jpg,slope streak
342.jpg,other
343.jpg,other
344.jpg,other
345.jpg,other
346.jpg,other
347.jpg,other
348.jpg,other
349.jpg,other
350.jpg,crater
351.jpg,other
352.jpg,other
353.jpg,other
354.jpg,other
355.jpg,other
356.jpg,impact ejecta
357.jpg,crater
358.jpg,other
359.jpg,other
360.jpg,other
361.jpg,slope streak
362.jpg,other
363.jpg,other
364.jpg,other
365.jpg,other
366.jpg,other
367.jpg,other
368.jpg,other
369.jpg,crater
370.jpg,crater
371.jpg,other
372.jpg,other
373.jpg,other
374.jpg,other
375.jpg,crater
376.jpg,other
377.jpg,bright dune
378.jpg,bright dune
379.jpg,swiss cheese
380.jpg,other
381.jpg,bright dune
382.jpg,bright dune
383.jpg,other
384.jpg,other
385.jpg,bright dune
386.jpg,slope streak
387.jpg,slope streak
388.jpg,other
389.jpg,impact ejecta
390.jpg,other
391.jpg,bright dune
392.jpg,other
393.jpg,crater
394.jpg,other
395.jpg,other
396.jpg,other
397.jpg,impact ejecta
398.jpg,other
399.jpg,other
400.jpg,dark dune
401.jpg,other
402.jpg,other
403.jpg,other
404.jpg,other
405.jpg,other
406.jpg,bright dune
407.jpg,other
408.jpg,other
409.jpg,other
410.jpg,other
411.jpg,crater
412.jpg,crater
413.jpg,other
414.jpg,other
415.jpg,crater
416.jpg,other
417.jpg,other
418.jpg,swiss cheese
419.jpg,other
420.jpg,other
421.jpg,other
422.jpg,other
423.jpg,slope streak
424.jpg,other
425.jpg,other
426.jpg,other
427.jpg,other
428.jpg,other
429.jpg,other
430.jpg,other
431.jpg,other
432.jpg,slope streak
433.jpg,crater
434.jpg,other
435.jpg,other
436.jpg,other
437.jpg,swiss cheese
438.jpg,other
439.jpg,crater
440.jpg,other
441.jpg,bright dune
442.jpg,other
443.jpg,other
444.jpg,crater
445.jpg,other
446.jpg,crater
447.jpg,bright dune
448.jpg,other
449.jpg,other
450.jpg,slope streak
451.jpg,other
452.jpg,crater
453.jpg,crater
454.jpg,crater
455.jpg,other
456.jpg,other
457.jpg,crater
458.jpg,swiss cheese
459.jpg,crater
460.jpg,slope streak
461.jpg,other
462.jpg,other
463.jpg,crater
464.jpg,crater
465.jpg,other
466.jpg,other
467.jpg,slope streak
468.jpg,other
469.jpg,other
470.jpg,other
471.jpg,other
472.jpg,other
473.jpg,other
474.jpg,dark dune
475.jpg,other
476.jpg,bright dune
477.jpg,crater
478.jpg,crater
479.jpg,crater
480.jpg,other
481.jpg,other
482.jpg,other
483.jpg,other
484.jpg,other
485.jpg,bright dune
486.jpg,slope streak
487.jpg,crater
488.jpg,impact ejecta
489.jpg,other
490.jpg,other
491.jpg,other
492.jpg,other
493.jpg,crater
494.jpg,slope streak
495.jpg,crater
496.jpg,crater
497.jpg,other
498.jpg,other
499.jpg,crater
500.jpg,other
501.jpg,other
502.jpg,crater
503.jpg,crater
504.jpg,other
505.jpg,other
506.jpg,other
507.jpg,other
508.jpg,other
509.jpg,other
510.jpg,crater
511.jpg,slope streak
512.jpg,other
513.jpg,other
514.jpg,crater
515.jpg,other
516.jpg,other
517.jpg,crater
518.jpg,other
519.jpg,slope streak
520.jpg,other
521.jpg,other
522.jpg,bright dune
523.jpg,other
524.jpg,other
525.jpg,slope streak
526.jpg,bright dune
527.jpg,other
528.jpg,spider
529.jpg,crater
530.jpg,other
531.jpg,crater
532.jpg,other
533.jpg,crater
534.jpg,other
535.jpg,impact ejecta
536.jpg,crater
537.jpg,bright dune
538.jpg,bright dune
539.jpg,other
540.jpg,crater
541.jpg,other
542.jpg,crater
543.jpg,other
544.jpg,bright dune
545.jpg,other
546.jpg,other
547.jpg,other
548.jpg,other
549.jpg,impact ejecta
550.jpg,other
551.jpg,other
552.jpg,other
553.jpg,crater
554.jpg,other
555.jpg,dark dune
556.jpg,bright dune
557.jpg,bright dune
558.jpg,crater
559.jpg,other
560.jpg,dark dune
561.jpg,dark dune
562.jpg,other
563.jpg,other
564.jpg,bright dune
565.jpg,slope streak
566.jpg,other
567.jpg,crater
568.jpg,other
569.jpg,spider
570.jpg,crater
571.jpg,other
572.jpg,dark dune
573.jpg,swiss cheese
574.jpg,crater
575.jpg,slope streak
576.jpg,other
577.jpg,other
578.jpg,crater
579.jpg,crater
580.jpg,other
581.jpg,other
582.jpg,other
583.jpg,crater
584.jpg,bright dune
585.jpg,slope streak
586.jpg,other
587.jpg,swiss cheese
588.jpg,other
589.jpg,bright dune
590.jpg,other
591.jpg,other
592.jpg,crater
593.jpg,slope streak
594.jpg,other
595.jpg,other
596.jpg,slope streak
597.jpg,other
598.jpg,other
599.jpg,crater
600.jpg,other
601.jpg,crater
602.jpg,other
603.jpg,other
604.jpg,swiss cheese
605.jpg,dark dune
606.jpg,other
607.jpg,other
608.jpg,other
609.jpg,other
610.jpg,other
611.jpg,other
612.jpg,swiss cheese
613.jpg,other
614.jpg,other
615.jpg,other
616.jpg,dark dune
617.jpg,crater
618.jpg,other
619.jpg,dark dune
620.jpg,other
621.jpg,crater
622.jpg,crater
623.jpg,crater
624.jpg,swiss cheese
625.jpg,other
626.jpg,other
627.jpg,other
628.jpg,other
629.jpg,impact ejecta
630.jpg,other
631.jpg,other
632.jpg,other
633.jpg,bright dune
634.jpg,other
635.jpg,other
636.jpg,other
637.jpg,other
638.jpg,other
639.jpg,other
640.jpg,dark dune
641.jpg,other
642.jpg,bright dune
643.jpg,crater
644.jpg,crater
645.jpg,swiss cheese
646.jpg,other
647.jpg,crater
648.jpg,other
649.jpg,swiss cheese
650.jpg,crater
651.jpg,other
652.jpg,other
653.jpg,slope streak
654.jpg,other
655.jpg,other
656.jpg,other
657.jpg,dark dune
658.jpg,other
659.jpg,other
660.jpg,other
661.jpg,other
662.jpg,bright dune
663.jpg,slope streak
664.jpg,crater
665.jpg,other
666.jpg,other
667.jpg,other
668.jpg,other
669.jpg,other
670.jpg,other
671.jpg,other
672.jpg,other
673.jpg,other
674.jpg,other
675.jpg,impact ejecta
676.jpg,other
677.jpg,other
678.jpg,other
679.jpg,other
680.jpg,slope streak
681.jpg,other
682.jpg,swiss cheese
683.jpg,spider
684.jpg,other
685.jpg,other
686.jpg,bright dune
687.jpg,crater
688.jpg,other
689.jpg,other
690.jpg,other
691.jpg,other
692.jpg,other
693.jpg,other
694.jpg,swiss cheese
695.jpg,crater
696.jpg,other
697.jpg,other
698.jpg,other
699.jpg,crater
700.jpg,crater
701.jpg,other
702.jpg,other
703.jpg,other
704.jpg,other
705.jpg,other
706.jpg,other
707.jpg,crater
708.jpg,other
709.jpg,swiss cheese
710.jpg,other
711.jpg,slope streak
712.jpg,other
713.jpg,other
714.jpg,crater
715.jpg,slope streak
716.jpg,dark dune
717.jpg,slope streak
718.jpg,bright dune
719.jpg,other
720.jpg,other
721.jpg,other
722.jpg,other
723.jpg,slope streak
724.jpg,other
725.jpg,other
726.jpg,other
727.jpg,other
728.jpg,crater
729.jpg,bright dune
730.jpg,crater
731.jpg,other
732.jpg,swiss cheese
733.jpg,spider
734.jpg,other
735.jpg,other
736.jpg,other
737.jpg,bright dune
738.jpg,crater
739.jpg,other
740.jpg,other
741.jpg,other
742.jpg,other
743.jpg,other
744.jpg,other
745.jpg,other
746.jpg,other
747.jpg,crater
748.jpg,other
749.jpg,other
750.jpg,other
751.jpg,slope streak
752.jpg,other
753.jpg,other
754.jpg,other
755.jpg,other
756.jpg,dark dune
757.jpg,other
758.jpg,other
759.jpg,other
760.jpg,other
761.jpg,bright dune
762.jpg,other
763.jpg,other
764.jpg,other
765.jpg,other
766.jpg,other
767.jpg,other
768.jpg,other
769.jpg,other
770.jpg,crater
771.jpg,other
772.jpg,other
773.jpg,other
774.jpg,other
775.jpg,bright dune
776.jpg,other
777.jpg,other
778.jpg,crater
779.jpg,crater
780.jpg,crater
781.jpg,other
782.jpg,other
783.jpg,bright dune
784.jpg,crater
785.jpg,other
786.jpg,crater
787.jpg,other
788.jpg,other
789.jpg,other
790.jpg,other
791.jpg,other
792.jpg,dark dune
793.jpg,crater
794.jpg,swiss cheese
795.jpg,other
796.jpg,other
797.jpg,swiss cheese
798.jpg,other
799.jpg,other
800.jpg,crater
801.jpg,other
802.jpg,bright dune
803.jpg,bright dune
804.jpg,bright dune
805.jpg,slope streak
806.jpg,other
807.jpg,crater
808.jpg,crater
809.jpg,other
810.jpg,crater
811.jpg,other
812.jpg,other
813.jpg,slope streak
814.jpg,spider
815.jpg,swiss cheese
816.jpg,bright dune
817.jpg,other
818.jpg,bright dune
819.jpg,other
820.jpg,other
821.jpg,other
822.jpg,spider
823.jpg,other
824.jpg,bright dune
825.jpg,other
826.jpg,other
827.jpg,dark dune
828.jpg,other
829.jpg,slope streak
830.jpg,bright dune
831.jpg,swiss cheese
832.jpg,bright dune
833.jpg,swiss cheese
834.jpg,other
835.jpg,bright dune
836.jpg,other
837.jpg,crater
838.jpg,other
839.jpg,other
840.jpg,other
841.jpg,dark dune
842.jpg,other
843.jpg,crater
844.jpg,other
845.jpg,other
846.jpg,other
847.jpg,crater
848.jpg,other
849.jpg,other
850.jpg,other
851.jpg,other
852.jpg,swiss cheese
853.jpg,other
854.jpg,dark dune
855.jpg,crater
856.jpg,other
857.jpg,other
858.jpg,other
859.jpg,other
860.jpg,crater
861.jpg,other
862.jpg,other
863.jpg,other
864.jpg,other
865.jpg,other
866.jpg,crater
867.jpg,other
868.jpg,other
869.jpg,other
870.jpg,other
871.jpg,other
872.jpg,crater
873.jpg,bright dune
874.jpg,other
875.jpg,other
876.jpg,dark dune
877.jpg,bright dune
878.jpg,crater
879.jpg,other
880.jpg,other
881.jpg,other
882.jpg,bright dune
883.jpg,other
884.jpg,other
885.jpg,dark dune
886.jpg,other
887.jpg,other
888.jpg,crater
889.jpg,bright dune
890.jpg,bright dune
891.jpg,other
892.jpg,impact ejecta
893.jpg,crater
894.jpg,other
895.jpg,other
896.jpg,crater
897.jpg,other
898.jpg,dark dune
899.jpg,other
900.jpg,bright dune
901.jpg,other
902.jpg,other
903.jpg,other
904.jpg,other
905.jpg,other
906.jpg,bright dune
907.jpg,crater
908.jpg,other
909.jpg,crater
910.jpg,other
911.jpg,other
912.jpg,other
913.jpg,other
914.jpg,other
915.jpg,other
916.jpg,other
917.jpg,swiss cheese
918.jpg,other
919.jpg,other
920.jpg,other
921.jpg,other
922.jpg,other
923.jpg,slope streak
924.jpg,bright dune
925.jpg,other
926.jpg,other
927.jpg,other
928.jpg,other
929.jpg,crater
930.jpg,other
931.jpg,other
932.jpg,other
933.jpg,other
934.jpg,crater
935.jpg,bright dune
936.jpg,other
937.jpg,other
938.jpg,other
939.jpg,crater
940.jpg,other
941.jpg,bright dune
942.jpg,crater
943.jpg,other
944.jpg,other
945.jpg,other
946.jpg,other
947.jpg,other
948.jpg,crater
949.jpg,other
950.jpg,crater
951.jpg,other
952.jpg,other
953.jpg,other
954.jpg,slope streak
955.jpg,other
956.jpg,other
957.jpg,other
958.jpg,other
959.jpg,crater
960.jpg,other
961.jpg,crater
962.jpg,other
963.jpg,other
964.jpg,other
965.jpg,other
966.jpg,other
967.jpg,other
968.jpg,crater
969.jpg,other
970.jpg,other
971.jpg,bright dune
972.jpg,other
973.jpg,other
974.jpg,other
975.jpg,crater
976.jpg,other
977.jpg,slope streak
978.jpg,other
979.jpg,crater
980.jpg,other
981.jpg,slope streak
982.jpg,other
983.jpg,other
984.jpg,bright dune
985.jpg,other
986.jpg,other
987.jpg,crater
988.jpg,other
989.jpg,slope streak
990.jpg,swiss cheese
991.jpg,bright dune
992.jpg,other
993.jpg,other
994.jpg,dark dune
995.jpg,bright dune
996.jpg,other
997.jpg,other
998.jpg,other
999.jpg,other
1000.jpg,other
1001.jpg,other
1002.jpg,other
1003.jpg,other
1004.jpg,other
1005.jpg,crater
1006.jpg,bright dune
1007.jpg,other
1008.jpg,other
1009.jpg,other
1010.jpg,other
1011.jpg,swiss cheese
1012.jpg,other
1013.jpg,other
1014.jpg,other
1015.jpg,other
1016.jpg,bright dune
1017.jpg,other
1018.jpg,slope streak
1019.jpg,crater
1020.jpg,other
1021.jpg,bright dune
1022.jpg,other
1023.jpg,other
1024.jpg,crater
1025.jpg,spider
1026.jpg,other
1027.jpg,other
1028.jpg,other
1029.jpg,other
1030.jpg,other
1031.jpg,crater
1032.jpg,other
1033.jpg,crater
1034.jpg,other
1035.jpg,other
1036.jpg,other
1037.jpg,other
1038.jpg,slope streak
1039.jpg,other
1040.jpg,other
1041.jpg,bright dune
1042.jpg,crater
1043.jpg,other
1044.jpg,crater
1045.jpg,other
1046.jpg,other
1047.jpg,other
1048.jpg,other
1049.jpg,other
1050.jpg,crater
1051.jpg,other
1052.jpg,other
1053.jpg,other
1054.jpg,other
1055.jpg,other
1056.jpg,crater
1057.jpg,slope streak
1058.jpg,other
1059.jpg,other
1060.jpg,crater
1061.jpg,crater
1062.jpg,bright dune
1063.jpg,other
1064.jpg,other
1065.jpg,other
1066.jpg,bright dune
1067.jpg,dark dune
1068.jpg,other
1069.jpg,crater
1070.jpg,other
1071.jpg,other
1072.jpg,bright dune
1073.jpg,spider
1074.jpg,other
1075.jpg,slope streak
1076.jpg,other
1077.jpg,bright dune
1078.jpg,other
1079.jpg,bright dune
1080.jpg,other
1081.jpg,other
1082.jpg,crater
1083.jpg,crater
1084.jpg,bright dune
1085.jpg,other
1086.jpg,other
1087.jpg,crater
1088.jpg,other
1089.jpg,other
1090.jpg,other
1091.jpg,bright dune
1092.jpg,other
1093.jpg,other
1094.jpg,other
1095.jpg,other
1096.jpg,other
1097.jpg,other
1098.jpg,other
1099.jpg,other
1100.jpg,bright dune
1101.jpg,other
1102.jpg,other
1103.jpg,crater
1104.jpg,bright dune
1105.jpg,other
1106.jpg,other
1107.jpg,other
1108.jpg,other
1109.jpg,crater
1110.jpg,other
1111.jpg,other
1112.jpg,other
1113.jpg,other
1114.jpg,other
1115.jpg,other
1116.jpg,crater
1117.jpg,slope streak
1118.jpg,other
1119.jpg,crater
1120.jpg,dark dune
1121.jpg,other
1122.jpg,crater
1123.jpg,crater
1124.jpg,dark dune
1125.jpg,other
1126.jpg,other
1127.jpg,other
1128.jpg,slope streak
1129.jpg,other
1130.jpg,slope streak
1131.jpg,other
1132.jpg,other
1133.jpg,other
1134.jpg,other
1135.jpg,other
1136.jpg,crater
1137.jpg,crater
1138.jpg,other
1139.jpg,bright dune
1140.jpg,other
1141.jpg,swiss cheese
1142.jpg,other
1143.jpg,dark dune
1144.jpg,other
1145.jpg,other
1146.jpg,other
1147.jpg,other
1148.jpg,other
1149.jpg,other
1150.jpg,slope streak
1151.jpg,crater
1152.jpg,slope streak
1153.jpg,crater
1154.jpg,other
1155.jpg,other
1156.jpg,spider
1157.jpg,other
1158.jpg,bright dune
1159.jpg,slope streak
1160.jpg,other
1161.jpg,other
1162.jpg,other
1163.jpg,other
1164.jpg,other
1165.jpg,other
1166.jpg,other
1167.jpg,other
1168.jpg,other
1169.jpg,other
1170.jpg,bright dune
1171.jpg,other
1172.jpg,other
1173.jpg,slope streak
1174.jpg,other
1175.jpg,dark dune
1176.jpg,other
1177.jpg,dark dune
1178.jpg,bright dune
1179.jpg,crater
1180.jpg,other
1181.jpg,crater
1182.jpg,other
1183.jpg,other
1184.jpg,dark dune
1185.jpg,other
1186.jpg,bright dune
1187.jpg,other
1188.jpg,bright dune
1189.jpg,other
1190.jpg,other
1191.jpg,bright dune
1192.jpg,other
1193.jpg,crater
1194.jpg,other
1195.jpg,other
1196.jpg,other
1197.jpg,crater
1198.jpg,other
1199.jpg,other
1200.jpg,other
1201.jpg,other
1202.jpg,other
1203.jpg,slope streak
1204.jpg,dark dune
1205.jpg,other
1206.jpg,crater
1207.jpg,bright dune
1208.jpg,crater
1209.jpg,other
1210.jpg,other
1211.jpg,other
1212.jpg,other
1213.jpg,other
1214.jpg,crater
1215.jpg,other
1216.jpg,crater
1217.jpg,crater
1218.jpg,other
1219.jpg,crater
1220.jpg,other
1221.jpg,swiss cheese
1222.jpg,bright dune
1223.jpg,other
1224.jpg,other
1225.jpg,spider
1226.jpg,other
1227.jpg,bright dune
1228.jpg,slope streak
1229.jpg,other
1230.jpg,other
1231.jpg,other
1232.jpg,other
1233.jpg,other
1234.jpg,other
1235.jpg,other
1236.jpg,crater
1237.jpg,other
1238.jpg,dark dune
1239.jpg,other
1240.jpg,crater
1241.jpg,crater
1242.jpg,other
1243.jpg,crater
1244.jpg,other
1245.jpg,other
1246.jpg,crater
1247.jpg,other
1248.jpg,bright dune
1249.jpg,crater
1250.jpg,crater
1251.jpg,other
1252.jpg,crater
1253.jpg,spider
1254.jpg,slope streak
1255.jpg,impact ejecta
1256.jpg,other
1257.jpg,crater
1258.jpg,crater
1259.jpg,slope streak
1260.jpg,other
1261.jpg,other
1262.jpg,other
1263.jpg,other
1264.jpg,other
1265.jpg,other
1266.jpg,other
1267.jpg,other
1268.jpg,other
1269.jpg,other
1270.jpg,bright dune
1271.jpg,other
1272.jpg,other
1273.jpg,other
1274.jpg,other
1275.jpg,other
1276.jpg,bright dune
1277.jpg,other
1278.jpg,dark dune
1279.jpg,bright dune
1280.jpg,bright dune
1281.jpg,other
1282.jpg,other
1283.jpg,other
1284.jpg,crater
1285.jpg,other
1286.jpg,crater
1287.jpg,other
1288.jpg,bright dune
1289.jpg,crater
1290.jpg,other
1291.jpg,bright dune
1292.jpg,other
1293.jpg,other
1294.jpg,other
1295.jpg,other
1296.jpg,other
1297.jpg,crater
1298.jpg,bright dune
1299.jpg,other
1300.jpg,crater
1301.jpg,other
1302.jpg,bright dune
1303.jpg,swiss cheese
1304.jpg,bright dune
1305.jpg,other
1306.jpg,other
1307.jpg,other
1308.jpg,other
1309.jpg,crater
1310.jpg,crater
1311.jpg,other
1312.jpg,crater
1313.jpg,other
1314.jpg,other
1315.jpg,other
1316.jpg,other
1317.jpg,bright dune
1318.jpg,swiss cheese
1319.jpg,slope streak
1320.jpg,other
1321.jpg,other
1322.jpg,crater
1323.jpg,crater
1324.jpg,slope streak
1325.jpg,slope streak
1326.jpg,other
1327.jpg,other
1328.jpg,dark dune
1329.jpg,slope streak
1330.jpg,other
1331.jpg,other
1332.jpg,bright dune
1333.jpg,other
1334.jpg,other
1335.jpg,other
1336.jpg,other
1337.jpg,other
1338.jpg,crater
1339.jpg,bright dune
1340.jpg,swiss cheese
1341.jpg,crater
1342.jpg,dark dune
1343.jpg,other
1344.jpg,other
1345.jpg,other
1346.jpg,slope streak
1347.jpg,other
1348.jpg,bright dune
1349.jpg,other
1350.jpg,bright dune
1351.jpg,crater
1352.jpg,other
1353.jpg,crater
1354.jpg,slope streak
1355.jpg,other
1356.jpg,impact ejecta
1357.jpg,other
1358.jpg,bright dune
1359.jpg,crater
1360.jpg,other
1361.jpg,other
1362.jpg,other
1363.jpg,other
1364.jpg,other
1365.jpg,other
1366.jpg,other
1367.jpg,other
1368.jpg,other
1369.jpg,bright dune
1370.jpg,slope streak
1371.jpg,other
1372.jpg,other
1373.jpg,crater
1374.jpg,other
1375.jpg,other
1376.jpg,other
1377.jpg,other
1378.jpg,other
1379.jpg,other
1380.jpg,dark dune
1381.jpg,other
1382.jpg,other
1383.jpg,swiss cheese
1384.jpg,bright dune
1385.jpg,other
1386.jpg,bright dune
1387.jpg,slope streak
1388.jpg,dark dune
1389.jpg,bright dune
1390.jpg,other
1391.jpg,crater
1392.jpg,other
1393.jpg,crater
1394.jpg,other
1395.jpg,swiss cheese
1396.jpg,other
1397.jpg,dark dune
1398.jpg,dark dune
1399.jpg,swiss cheese
1400.jpg,other
1401.jpg,crater
1402.jpg,crater
1403.jpg,other
1404.jpg,slope streak
1405.jpg,other
1406.jpg,other
1407.jpg,crater
1408.jpg,other
1409.jpg,crater
1410.jpg,crater
1411.jpg,other
1412.jpg,crater
1413.jpg,swiss cheese
1414.jpg,crater
1415.jpg,other
1416.jpg,crater
1417.jpg,bright dune
1418.jpg,other
1419.jpg,crater
1420.jpg,other
1421.jpg,crater
1422.jpg,crater
1423.jpg,crater
1424.jpg,other
1425.jpg,other
1426.jpg,other
1427.jpg,other
1428.jpg,other
1429.jpg,other
1430.jpg,other
1431.jpg,other
1432.jpg,bright dune
1433.jpg,other
1434.jpg,slope streak
1435.jpg,other
1436.jpg,bright dune
1437.jpg,crater
1438.jpg,impact ejecta
1439.jpg,other
1440.jpg,other
1441.jpg,bright dune
1442.jpg,bright dune
1443.jpg,crater
1444.jpg,other
1445.jpg,dark dune
1446.jpg,other
1447.jpg,bright dune
1448.jpg,other
1449.jpg,other
1450.jpg,swiss cheese
1451.jpg,other
1452.jpg,other
1453.jpg,slope streak
1454.jpg,slope streak
1455.jpg,other
1456.jpg,other
1457.jpg,other
1458.jpg,bright dune
1459.jpg,other
1460.jpg,bright dune
1461.jpg,other
1462.jpg,crater
1463.jpg,crater
1464.jpg,other
1465.jpg,spider
1466.jpg,other
1467.jpg,other
1468.jpg,other
1469.jpg,other
1470.jpg,bright dune
1471.jpg,bright dune
1472.jpg,other
1473.jpg,bright dune
1474.jpg,swiss cheese
1475.jpg,crater
1476.jpg,bright dune
1477.jpg,other
1478.jpg,dark dune
1479.jpg,other
1480.jpg,other
1481.jpg,crater
1482.jpg,swiss cheese
1483.jpg,dark dune
1484.jpg,other
1485.jpg,crater
1486.jpg,dark dune
1487.jpg,other
1488.jpg,crater
1489.jpg,crater
1490.jpg,other
1491.jpg,other
1492.jpg,other
1493.jpg,other
1494.jpg,other
1495.jpg,bright dune
1496.jpg,swiss cheese
1497.jpg,crater
1498.jpg,other
1499.jpg,other
1500.jpg,swiss cheese
1501.jpg,crater
1502.jpg,dark dune
1503.jpg,other
1504.jpg,bright dune
1505.jpg,crater
1506.jpg,other
1507.jpg,other
1508.jpg,crater
1509.jpg,other
1510.jpg,other
1511.jpg,bright dune
1512.jpg,other
1513.jpg,other
1514.jpg,other
1515.jpg,bright dune
1516.jpg,other
1517.jpg,other
1518.jpg,crater
1519.jpg,crater
1520.jpg,dark dune
1521.jpg,other
1522.jpg,crater
1523.jpg,other
1524.jpg,other
1525.jpg,other
1526.jpg,crater
1527.jpg,bright dune
1528.jpg,other
1529.jpg,other
1530.jpg,bright dune
1531.jpg,other
1532.jpg,other
1533.jpg,slope streak
1534.jpg,other
1535.jpg,other
1536.jpg,other
1537.jpg,other
1538.jpg,other
1539.jpg,slope streak
1540.jpg,bright dune
1541.jpg,crater
1542.jpg,swiss cheese
1543.jpg,other
1544.jpg,other
1545.jpg,other
1546.jpg,other
1547.jpg,other
1548.jpg,other
1549.jpg,other
1550.jpg,other
1551.jpg,crater
1552.jpg,dark dune
1553.jpg,bright dune
1554.jpg,swiss cheese
1555.jpg,crater
1556.jpg,other
1557.jpg,other
1558.jpg,bright dune
1559.jpg,spider
1560.jpg,other
1561.jpg,other
1562.jpg,other
1563.jpg,crater
1564.jpg,other
1565.jpg,other
1566.jpg,other
1567.jpg,other
1568.jpg,other
1569.jpg,crater
1570.jpg,other
1571.jpg,other
1572.jpg,other
1573.jpg,other
1574.jpg,crater
1575.jpg,crater
1576.jpg,slope streak
1577.jpg,other
1578.jpg,crater
1579.jpg,other
1580.jpg,other
1581.jpg,dark dune
1582.jpg,crater
1583.jpg,crater
1584.jpg,crater
1585.jpg,other
1586.jpg,other
1587.jpg,other
1588.jpg,other
1589.jpg,other
1590.jpg,slope streak
1591.jpg,other
1592.jpg,other
1593.jpg,other
1594.jpg,crater
1595.jpg,other
1596.jpg,crater
1597.jpg,other
1598.jpg,crater
1599.jpg,other
1600.jpg,crater
1601.jpg,other
1602.jpg,other
1603.jpg,crater
1604.jpg,other
1605.jpg,dark dune
1606.jpg,other
1607.jpg,other
1608.jpg,other
1609.jpg,other
1610.jpg,spider
1611.jpg,crater
1612.jpg,crater
1613.jpg,other
1614.jpg,other
1615.jpg,other
1616.jpg,other
1617.jpg,other
1618.jpg,slope streak
1619.jpg,crater
1620.jpg,bright dune
1621.jpg,other
1622.jpg,bright dune
1623.jpg,other
1624.jpg,bright dune
1625.jpg,bright dune
1626.jpg,crater
1627.jpg,other
1628.jpg,bright dune
1629.jpg,crater
1630.jpg,other
1631.jpg,crater
1632.jpg,other
1633.jpg,bright dune
1634.jpg,other
1635.jpg,other
1636.jpg,other
1637.jpg,crater
1638.jpg,dark dune
1639.jpg,crater
1640.jpg,crater
1641.jpg,swiss cheese
1642.jpg,other
1643.jpg,crater
1644.jpg,crater
1645.jpg,other
1646.jpg,other
1647.jpg,other
1648.jpg,other
1649.jpg,other
1650.jpg,swiss cheese
1651.jpg,dark dune
1652.jpg,crater
1653.jpg,crater
1654.jpg,other
1655.jpg,other
1656.jpg,other
1657.jpg,bright dune
1658.jpg,crater
1659.jpg,other
1660.jpg,other
1661.jpg,other
1662.jpg,bright dune
1663.jpg,slope streak
1664.jpg,other
1665.jpg,other
1666.jpg,other
1667.jpg,other
1668.jpg,bright dune
1669.jpg,crater
1670.jpg,other
1671.jpg,bright dune
1672.jpg,crater
1673.jpg,other
1674.jpg,other
1675.jpg,crater
1676.jpg,bright dune
1677.jpg,slope streak
1678.jpg,other
1679.jpg,other
1680.jpg,other
1681.jpg,other
1682.jpg,other
1683.jpg,other
1684.jpg,crater
1685.jpg,other
1686.jpg,slope streak
1687.jpg,other
1688.jpg,other
1689.jpg,bright dune
1690.jpg,slope streak
1691.jpg,other
1692.jpg,other
1693.jpg,crater
1694.jpg,crater
1695.jpg,bright dune
1696.jpg,slope streak
1697.jpg,other
1698.jpg,other
1699.jpg,other
1700.jpg,spider
1701.jpg,other
1702.jpg,crater
1703.jpg,other
1704.jpg,other
1705.jpg,crater
1706.jpg,other
1707.jpg,other
1708.jpg,crater
1709.jpg,swiss cheese
1710.jpg,crater
1711.jpg,other
1712.jpg,crater
1713.jpg,other
1714.jpg,bright dune
1715.jpg,slope streak
1716.jpg,other
1717.jpg,crater
1718.jpg,other
1719.jpg,other
1720.jpg,swiss cheese
1721.jpg,other
1722.jpg,bright dune
1723.jpg,other
1724.jpg,bright dune
1725.jpg,swiss cheese
1726.jpg,other
1727.jpg,bright dune
1728.jpg,crater
1729.jpg,other
1730.jpg,bright dune
1731.jpg,other
1732.jpg,other
1733.jpg,other
1734.jpg,other
1735.jpg,other
1736.jpg,other
1737.jpg,other
1738.jpg,swiss cheese
1739.jpg,other
1740.jpg,slope streak
1741.jpg,other
1742.jpg,slope streak
1743.jpg,other
1744.jpg,other
1745.jpg,other
1746.jpg,dark dune
1747.jpg,swiss cheese
1748.jpg,impact ejecta
1749.jpg,bright dune
1750.jpg,other
1751.jpg,other
1752.jpg,other
1753.jpg,bright dune
1754.jpg,other
1755.jpg,crater
1756.jpg,other
1757.jpg,other
1758.jpg,crater
1759.jpg,bright dune
1760.jpg,bright dune
1761.jpg,other
1762.jpg,other
1763.jpg,other
1764.jpg,slope streak
1765.jpg,other
1766.jpg,other
1767.jpg,other
1768.jpg,swiss cheese
1769.jpg,dark dune
1770.jpg,dark dune
1771.jpg,other
1772.jpg,bright dune
1773.jpg,other
1774.jpg,crater
1775.jpg,other
1776.jpg,other
1777.jpg,other
1778.jpg,other
1779.jpg,other
1780.jpg,other
1781.jpg,crater
1782.jpg,bright dune
1783.jpg,other
1784.jpg,other
1785.jpg,bright dune
1786.jpg,other
1787.jpg,crater
1788.jpg,other
1789.jpg,other
1790.jpg,crater
1791.jpg,other
1792.jpg,other
1793.jpg,other
1794.jpg,other
1795.jpg,other
1796.jpg,other
1797.jpg,other
1798.jpg,bright dune
1799.jpg,crater
1800.jpg,other
1801.jpg,swiss cheese
1802.jpg,other
1803.jpg,other
1804.jpg,other
1805.jpg,other
1806.jpg,other
1807.jpg,bright dune
1808.jpg,crater
1809.jpg,swiss cheese
1810.jpg,swiss cheese
1811.jpg,bright dune
1812.jpg,other
1813.jpg,bright dune
1814.jpg,crater
1815.jpg,slope streak
1816.jpg,other
1817.jpg,crater
1818.jpg,crater
1819.jpg,other
1820.jpg,bright dune
1821.jpg,crater
1822.jpg,other
1823.jpg,crater
1824.jpg,other
1825.jpg,crater
1826.jpg,other
1827.jpg,other
1828.jpg,other
1829.jpg,other
1830.jpg,other
1831.jpg,bright dune
1832.jpg,dark dune
1833.jpg,swiss cheese
1834.jpg,crater
1835.jpg,crater
1836.jpg,impact ejecta
1837.jpg,other
1838.jpg,bright dune
1839.jpg,bright dune
1840.jpg,bright dune
1841.jpg,spider
1842.jpg,other
1843.jpg,slope streak
1844.jpg,other
1845.jpg,crater
1846.jpg,slope streak
1847.jpg,crater
1848.jpg,other
1849.jpg,slope streak
1850.jpg,other
1851.jpg,other
1852.jpg,other
1853.jpg,crater
1854.jpg,crater
1855.jpg,bright dune
1856.jpg,other
1857.jpg,other
1858.jpg,other
1859.jpg,crater
1860.jpg,swiss cheese
1861.jpg,crater
1862.jpg,other
1863.jpg,other
1864.jpg,other
1865.jpg,crater
1866.jpg,other
1867.jpg,other
1868.jpg,swiss cheese
1869.jpg,other
1870.jpg,crater
1871.jpg,other
1872.jpg,other
1873.jpg,other
1874.jpg,other
1875.jpg,other
1876.jpg,bright dune
1877.jpg,crater
1878.jpg,slope streak
1879.jpg,bright dune
1880.jpg,other
1881.jpg,other
1882.jpg,other
1883.jpg,other
1884.jpg,bright dune
1885.jpg,dark dune
1886.jpg,bright dune
1887.jpg,other
1888.jpg,other
1889.jpg,other
1890.jpg,other
1891.jpg,other
1892.jpg,dark dune
1893.jpg,swiss cheese
1894.jpg,other
1895.jpg,other
1896.jpg,other
1897.jpg,other
1898.jpg,other
1899.jpg,other
1900.jpg,other
1901.jpg,other
1902.jpg,other
1903.jpg,other
1904.jpg,other
1905.jpg,other
1906.jpg,other
1907.jpg,other
1908.jpg,other
1909.jpg,other
1910.jpg,slope streak
1911.jpg,impact ejecta
1912.jpg,crater
1913.jpg,crater
1914.jpg,crater
1915.jpg,slope streak
1916.jpg,swiss cheese
1917.jpg,other
1918.jpg,other
1919.jpg,other
1920.jpg,swiss cheese
1921.jpg,other
1922.jpg,crater
1923.jpg,dark dune
1924.jpg,other
1925.jpg,crater
1926.jpg,crater
1927.jpg,other
1928.jpg,other
1929.jpg,other
1930.jpg,crater
1931.jpg,slope streak
1932.jpg,other
1933.jpg,other
1934.jpg,other
1935.jpg,other
1936.jpg,bright dune
1937.jpg,crater
1938.jpg,swiss cheese
1939.jpg,other
1940.jpg,crater
1941.jpg,other
1942.jpg,other
1943.jpg,other
1944.jpg,other
1945.jpg,crater
1946.jpg,crater
1947.jpg,other
1948.jpg,crater
1949.jpg,other
1950.jpg,crater
1951.jpg,other
1952.jpg,other
1953.jpg,other
1954.jpg,crater
1955.jpg,crater
1956.jpg,dark dune
1957.jpg,other
1958.jpg,slope streak
1959.jpg,spider
1960.jpg,other
1961.jpg,crater
1962.jpg,other
1963.jpg,other
1964.jpg,crater
1965.jpg,other
1966.jpg,other
1967.jpg,other
1968.jpg,other
1969.jpg,other
1970.jpg,other
1971.jpg,other
1972.jpg,other
1973.jpg,slope streak
1974.jpg,crater
1975.jpg,other
1976.jpg,other
1977.jpg,other
1978.jpg,other
1979.jpg,other
1980.jpg,other
1981.jpg,slope streak
1982.jpg,swiss cheese
1983.jpg,other
1984.jpg,bright dune
1985.jpg,crater
1986.jpg,slope streak
1987.jpg,other
1988.jpg,other
1989.jpg,other
1990.jpg,other
1991.jpg,other
1992.jpg,other
1993.jpg,other
1994.jpg,other
1995.jpg,other
1996.jpg,spider
1997.jpg,other
1998.jpg,crater
1999.jpg,bright dune
2000.jpg,other
